namespace,key,status,text_ru,placeholders,plural,meaning,intent,keep,binding_note
alarm,logistics_late.title,review,Логистика не успевает,,0,A high-priority load is waiting for cart transport long enough to raise the logistics alarm,Name the delayed-logistics condition,Keep the registered title; no invented cargo type or loss already suffered,Exact design.db alarm.title for logistics_late; subject logistics_task
alarm,logistics_late.tip,review,Задержка срочного груза может обернуться порчей продуктов или нехваткой корма. Дайте возке больше подвод и возчиков.,,0,Urgent loads left waiting can spoil or fail to supply the herd,Explain the risk and the general safe response,Consequences are possible not asserted for every cargo; increasing haulage capacity is not an instant delivery promise,General tooltip follows alarm.answer; no unconditional cancellation of a day off
alarm,logistics_late.text,review,"Ожидание подводы: {hours} {hours}|plural(one=час,few=часа,many=часов,other=часа).",hours,1,Number of working-light game hours during which the level-zero load has gone unserved,Show the waiting time without printing packed event data,Print the number separately from plural selection; not real-world hours or elapsed night time,Requested int placeholder hours = alarm.amount; do not bind urgent_load_waits packed amount
alarm,logistics_late.advice.declare_day_working,review,Объявите сегодняшний выходной рабочим днём — срочный груз ждёт перевозки.,,0,Today is a day off and the core currently allows the chairman to declare it working,Offer the core-selected exception to the day off,Today only and only when the core door accepts the order; not forced work on every holiday,Show only for registered advice declare_day_working; on working days advice is none and the general tip names more carts/drivers
ui.office,refusal.not_restorable,review,Эту разрушенную постройку нельзя восстановить,,0,A repair or upgrade targeted a destroyed unit whose type is not restorable,Explain why this specific requested operation is refused,Do not claim all damaged units are irreparable or suggest dismantling a protected building,Design vocabulary order_refusal.not_restorable; UI refusal not a new quest instruction
ui.office,order.mark_meadow,review,Разметить луг,,0,Order that marks a new meadow or uses a suitable former arable field as a hay meadow,Name the existing meadow-marking command,Marking is not sowing or building; do not invent costs or requirements,Design vocabulary order_kind.mark_meadow
ui.office,event.herd_went_hungry,review,Стадо осталось без корма.,,0,First hungry day of a new kolkhoz-herd hunger episode,Briefly label this existing event kind,Not death or slaughter and not a daily repeated state; no numeric feed text,Exact event key in boss [2]; vocabulary event_kind.herd_went_hungry
ui.office,event.urgent_load_waits,review,Срочный груз ждёт подводу.,,0,A level-zero logistics task has remained unserved long enough to raise its event,Briefly label the urgent-load wait event,Do not name an unbound cargo or claim it was lost,Exact event key in boss [2]; vocabulary event_kind.urgent_load_waits
ui.office,event.lamp_turned_red,review,Лампа тревоги стала красной.,,0,An existing alarm became red since the previous daily comparison,Briefly label the alarm-colour transition,No invented alarm cause or advice; not a second full feed sentence,Exact event key in boss [2]; vocabulary event_kind.lamp_turned_red
ui.office,event.plan_winter_moved,review,Район перенёс часть плана по озимым на яровые.,,0,A winter-crop delivery-plan position was reduced and its remainder moved to spring positions,Briefly label the district plan change,The plan changed not the crop already growing; no invented quantity or new sowing order,Exact event key in boss [2]; vocabulary event_kind.plan_winter_moved
ui.office,event.felling_mark_released,review,Разметка рубки на делянке снята.,,0,An unstaffable felling mark expired and the remaining standing trees are no longer marked,Briefly label release of a felling mark,Do not claim the trees or felled logs disappeared or the land became permanently inaccessible,Exact event key in boss [2]; vocabulary event_kind.felling_mark_released
ui.office,event.meadow_marked,review,Луг размечен.,,0,The existing meadow-mark order succeeded and its field row is present,Briefly label the completed marking event,Marked not sown; no invented quantity,Exact event key in boss [2]; vocabulary event_kind.meadow_marked
ui.office,event.hands_idle_with_work_waiting,review,"На утренней расстановке люди остались без нарядов, хотя работа ждёт.",,0,Eligible residents were not assigned at the morning allocation while work remained waiting,Briefly label the labour-allocation event,No claim of idleness for the entire day or refusal by residents; no blame,Exact event key in boss [2]; vocabulary event_kind.hands_idle_with_work_waiting
ui.office,event.day_off_held_urgent_load,review,Выходной задержал срочный груз.,,0,The day off held up an urgent logistics load,Briefly label the holiday delay event,Delayed not lost; no direction to cancel holidays inside an event label,Exact event key in boss [2]; vocabulary event_kind.day_off_held_urgent_load
ui.office,event.work_got_no_hands,review,Работа стоит без работников.,,0,A work task has remained without assigned residents through the required working mornings,Briefly label the unstaffed-work event,Do not invent its cause or accuse the accountant; not a full parameterized feed line,Exact event key in boss [2]; vocabulary event_kind.work_got_no_hands
ui.office,unit.hours,review,ч,,0,Compact unit suffix beside a separately displayed number of game hours,Label the time unit in the same style as heads/hectares/days/tonnes,Keep an invariant hour abbreviation; no number printed by this suffix,Existing ui.office unit.heads/hectares/days/teams/tonnes all use plural=0 and no placeholders; hour word inflects in alarm.logistics_late.text instead
