namespace	key	kind	text	context	meaning	intent	keep	placeholders	status	example	plural	deprecated	replaced_by	source_id	source_rev	source_approved_rev
ui.office	pocketbook.elder.neutral.villager	body	{person_address} у церкви был в том самом сюртуке, который я с детства помню. По-прежнему выходит к людям собранным. Места вокруг он знает, но теперь решать за село придётся мне.	Записная книжка кабинета, справочник: страница бывшего старосты, характеристика, ступень «ровно»	Первое впечатление председателя-аватара о бывшем старосте, которого он видел у церкви в сюртуке. Мнение, не справка	Показать, как этот аватар видит человека; без оценки его скрытых намерений	«Сюртук» — одна и та же видимая вещь у всех восьми. Не озвучивается	"{""person_address"":{""kind"":""name"",""note"":""Уважительная форма «имя отчество» именного персонажа этой партии в именительном; собирается языком по Именам §5а, не склейкой""}}"	review	{person_address} у церкви был в том самом сюртуке, который я с детства помню. По-прежнему выходит к людям собранным. Места вокруг он знает, но теперь решать за село придётся мне.	0	0		20052	1	1
ui.office	pocketbook.elder.neutral.worker	body	У церкви {person_family} стоял в праздничном сюртуке. По костюму не поймёшь, как человек работает. Когда поговорим по делу, узнаю, на что он здесь опирается.	Записная книжка кабинета, справочник: страница бывшего старосты, характеристика, ступень «ровно»	Первое впечатление председателя-аватара о бывшем старосте, которого он видел у церкви в сюртуке. Мнение, не справка	Показать, как этот аватар видит человека; без оценки его скрытых намерений	«Сюртук» — одна и та же видимая вещь у всех восьми. Не озвучивается	"{""person_family"":{""kind"":""name"",""note"":""Фамилия именного персонажа этой партии в именительном; выпадает на старте из словаря (Имена §5а), не литерал""}}"	review	У церкви {person_family} стоял в праздничном сюртуке. По костюму не поймёшь, как человек работает. Когда поговорим по делу, узнаю, на что он здесь опирается.	0	0		20053	1	1
ui.office	pocketbook.elder.neutral.student	body	У церкви {person_address} был одет торжественнее, чем я ожидал. Я собирался расспросить его о селе, но теперь не знаю, с чего начать. Может, с дороги — её я уже видел.	Записная книжка кабинета, справочник: страница бывшего старосты, характеристика, ступень «ровно»	Первое впечатление председателя-аватара о бывшем старосте, которого он видел у церкви в сюртуке. Мнение, не справка	Показать, как этот аватар видит человека; без оценки его скрытых намерений	«Сюртук» — одна и та же видимая вещь у всех восьми. Не озвучивается	"{""person_address"":{""kind"":""name"",""note"":""Уважительная форма «имя отчество» именного персонажа этой партии в именительном; собирается языком по Именам §5а, не склейкой""}}"	review	У церкви {person_address} был одет торжественнее, чем я ожидал. Я собирался расспросить его о селе, но теперь не знаю, с чего начать. Может, с дороги — её я уже видел.	0	0		20054	1	1
ui.office	pocketbook.elder.neutral.ex_chairman	body	{person_family} надел сюртук к встрече нового председателя. Уважение заметил, но по одежде о человеке не сужу. О местных делах он расскажет лучше, когда встретимся на работе.	Записная книжка кабинета, справочник: страница бывшего старосты, характеристика, ступень «ровно»	Первое впечатление председателя-аватара о бывшем старосте, которого он видел у церкви в сюртуке. Мнение, не справка	Показать, как этот аватар видит человека; без оценки его скрытых намерений	«Сюртук» — одна и та же видимая вещь у всех восьми. Не озвучивается	"{""person_family"":{""kind"":""name"",""note"":""Фамилия именного персонажа этой партии в именительном; выпадает на старте из словаря (Имена §5а), не литерал""}}"	review	{person_family} надел сюртук к встрече нового председателя. Уважение заметил, но по одежде о человеке не сужу. О местных делах он расскажет лучше, когда встретимся на работе.	0	0		20055	1	1
ui.office	pocketbook.elder.neutral.promoted	body	На встречу {person_family} вышел в сюртуке — порядок соблюдён. Он держался спокойно, не старался понравиться. Похоже, с ним лучше говорить о местах и людях, а не о моём назначении.	Записная книжка кабинета, справочник: страница бывшего старосты, характеристика, ступень «ровно»	Первое впечатление председателя-аватара о бывшем старосте, которого он видел у церкви в сюртуке. Мнение, не справка	Показать, как этот аватар видит человека; без оценки его скрытых намерений	«Сюртук» — одна и та же видимая вещь у всех восьми. Не озвучивается	"{""person_family"":{""kind"":""name"",""note"":""Фамилия именного персонажа этой партии в именительном; выпадает на старте из словаря (Имена §5а), не литерал""}}"	review	На встречу {person_family} вышел в сюртуке — порядок соблюдён. Он держался спокойно, не старался понравиться. Похоже, с ним лучше говорить о местах и людях, а не о моём назначении.	0	0		20056	1	1
ui.office	pocketbook.elder.neutral.old_fighter	body	У церкви {person_family} стоял в сюртуке, словно вышел на смотр. Держался спокойно; это я приметил. Что он знает о хозяйстве, спрошу без строевых речей.	Записная книжка кабинета, справочник: страница бывшего старосты, характеристика, ступень «ровно»	Первое впечатление председателя-аватара о бывшем старосте, которого он видел у церкви в сюртуке. Мнение, не справка	Показать, как этот аватар видит человека; без оценки его скрытых намерений	«Сюртук» — одна и та же видимая вещь у всех восьми. Не озвучивается	"{""person_family"":{""kind"":""name"",""note"":""Фамилия именного персонажа этой партии в именительном; выпадает на старте из словаря (Имена §5а), не литерал""}}"	review	У церкви {person_family} стоял в сюртуке, словно вышел на смотр. Держался спокойно; это я приметил. Что он знает о хозяйстве, спрошу без строевых речей.	0	0		20057	1	1
ui.office	pocketbook.elder.neutral.dealer	body	Приметный сюртук я запомнил сразу. {person_address} встретил меня у церкви без суеты. По одному сюртуку человека не оценишь; разговор о хозяйстве всё покажет.	Записная книжка кабинета, справочник: страница бывшего старосты, характеристика, ступень «ровно»	Первое впечатление председателя-аватара о бывшем старосте, которого он видел у церкви в сюртуке. Мнение, не справка	Показать, как этот аватар видит человека; без оценки его скрытых намерений	«Сюртук» — одна и та же видимая вещь у всех восьми. Не озвучивается	"{""person_address"":{""kind"":""name"",""note"":""Уважительная форма «имя отчество» именного персонажа этой партии в именительном; собирается языком по Именам §5а, не склейкой""}}"	review	Приметный сюртук я запомнил сразу. {person_address} встретил меня у церкви без суеты. По одному сюртуку человека не оценишь; разговор о хозяйстве всё покажет.	0	0		20058	1	1
ui.office	pocketbook.elder.neutral.acting	body	К моему приезду {person_family} надел сюртук. Значит, встречу счёл важной. Теперь посмотрю, что он знает о людях и местах, когда начнётся работа.	Записная книжка кабинета, справочник: страница бывшего старосты, характеристика, ступень «ровно»	Первое впечатление председателя-аватара о бывшем старосте, которого он видел у церкви в сюртуке. Мнение, не справка	Показать, как этот аватар видит человека; без оценки его скрытых намерений	«Сюртук» — одна и та же видимая вещь у всех восьми. Не озвучивается	"{""person_family"":{""kind"":""name"",""note"":""Фамилия именного персонажа этой партии в именительном; выпадает на старте из словаря (Имена §5а), не литерал""}}"	review	К моему приезду {person_family} надел сюртук. Значит, встречу счёл важной. Теперь посмотрю, что он знает о людях и местах, когда начнётся работа.	0	0		20059	1	1
ui.office	pocketbook.elder.history.church.villager	log	В день приезда {person_address} был среди встречавших. О разметке села мы ещё не говорили.	Записная книжка, страница бывшего старосты: первая строка истории, день приезда у церкви	Председатель видел бывшего старосту у церкви в день приезда; разговора ещё не было	Сообщить событие и что оно значит для председателя	Сухая запись книжки голосом аватара	"{""person_address"":{""kind"":""name"",""note"":""Уважительная форма «имя отчество» именного персонажа этой партии в именительном; собирается языком по Именам §5а, не склейкой""}}"	review	В день приезда {person_address} был среди встречавших. О разметке села мы ещё не говорили.	0	0		20061	2	1
ui.office	pocketbook.elder.history.church.worker	log	У церкви {person_family} был в сюртуке. Прежде чем слушать совет, спрошу его о работе.	Записная книжка, страница бывшего старосты: первая строка истории, день приезда у церкви	Председатель видел бывшего старосту у церкви в день приезда; разговора ещё не было	Сообщить событие и что оно значит для председателя	Сухая запись книжки голосом аватара	"{""person_family"":{""kind"":""name"",""note"":""Фамилия именного персонажа этой партии в именительном; выпадает на старте из словаря (Имена §5а), не литерал""}}"	review	У церкви {person_family} был в сюртуке. Прежде чем слушать совет, спрошу его о работе.	0	0		20063	1	1
ui.office	pocketbook.elder.history.church.student	log	У церкви {person_address} был в сюртуке. Хотел спросить о селе, но до разговора ещё не дошёл.	Записная книжка, страница бывшего старосты: первая строка истории, день приезда у церкви	Председатель видел бывшего старосту у церкви в день приезда; разговора ещё не было	Сообщить событие и что оно значит для председателя	Сухая запись книжки голосом аватара	"{""person_address"":{""kind"":""name"",""note"":""Уважительная форма «имя отчество» именного персонажа этой партии в именительном; собирается языком по Именам §5а, не склейкой""}}"	review	У церкви {person_address} был в сюртуке. Хотел спросить о селе, но до разговора ещё не дошёл.	0	0		20065	1	1
ui.office	pocketbook.elder.history.church.ex_chairman	log	{person_family} у церкви был в сюртуке. О хозяйстве ещё не говорили; первым делом сверю его слова с местом.	Записная книжка, страница бывшего старосты: первая строка истории, день приезда у церкви	Председатель видел бывшего старосту у церкви в день приезда; разговора ещё не было	Сообщить событие и что оно значит для председателя	Сухая запись книжки голосом аватара	"{""person_family"":{""kind"":""name"",""note"":""Фамилия именного персонажа этой партии в именительном; выпадает на старте из словаря (Имена §5а), не литерал""}}"	review	{person_family} у церкви был в сюртуке. О хозяйстве ещё не говорили; первым делом сверю его слова с местом.	0	0		20067	1	1
ui.office	pocketbook.elder.history.church.promoted	log	{person_family} у церкви был в сюртуке. Встреча состоялась, рабочий разговор ещё впереди.	Записная книжка, страница бывшего старосты: первая строка истории, день приезда у церкви	Председатель видел бывшего старосту у церкви в день приезда; разговора ещё не было	Сообщить событие и что оно значит для председателя	Сухая запись книжки голосом аватара	"{""person_family"":{""kind"":""name"",""note"":""Фамилия именного персонажа этой партии в именительном; выпадает на старте из словаря (Имена §5а), не литерал""}}"	review	{person_family} у церкви был в сюртуке. Встреча состоялась, рабочий разговор ещё впереди.	0	0		20069	1	1
ui.office	pocketbook.elder.history.church.old_fighter	log	У церкви {person_family} был в сюртуке. К разговору о деле вернусь, когда выйду из кабинета.	Записная книжка, страница бывшего старосты: первая строка истории, день приезда у церкви	Председатель видел бывшего старосту у церкви в день приезда; разговора ещё не было	Сообщить событие и что оно значит для председателя	Сухая запись книжки голосом аватара	"{""person_family"":{""kind"":""name"",""note"":""Фамилия именного персонажа этой партии в именительном; выпадает на старте из словаря (Имена §5а), не литерал""}}"	review	У церкви {person_family} был в сюртуке. К разговору о деле вернусь, когда выйду из кабинета.	0	0		20071	1	1
ui.office	pocketbook.elder.history.church.dealer	log	У церкви приметил старый сюртук — {person_family} в нём стоял. Его я теперь узнаю; о хозяйстве поговорим отдельно.	Записная книжка, страница бывшего старосты: первая строка истории, день приезда у церкви	Председатель видел бывшего старосту у церкви в день приезда; разговора ещё не было	Сообщить событие и что оно значит для председателя	Сухая запись книжки голосом аватара	"{""person_family"":{""kind"":""name"",""note"":""Фамилия именного персонажа этой партии в именительном; выпадает на старте из словаря (Имена §5а), не литерал""}}"	review	У церкви приметил старый сюртук — {person_family} в нём стоял. Его я теперь узнаю; о хозяйстве поговорим отдельно.	0	0		20073	1	1
ui.office	pocketbook.elder.history.church.acting	log	У церкви {person_family} стоял в сюртуке. Встреча запомнилась; о людях и местах расспрошу на работе.	Записная книжка, страница бывшего старосты: первая строка истории, день приезда у церкви	Председатель видел бывшего старосту у церкви в день приезда; разговора ещё не было	Сообщить событие и что оно значит для председателя	Сухая запись книжки голосом аватара	"{""person_family"":{""kind"":""name"",""note"":""Фамилия именного персонажа этой партии в именительном; выпадает на старте из словаря (Имена §5а), не литерал""}}"	review	У церкви {person_family} стоял в сюртуке. Встреча запомнилась; о людях и местах расспрошу на работе.	0	0		20075	1	1
ui.office	pocketbook.ryabinin.neutral.villager	body	{person_address} у церкви был в том самом сюртуке, который я с детства помню. По-прежнему выходит к людям собранным. Места вокруг он знает, но теперь решать за село придётся мне.	Записная книжка кабинета, справочник: страница бывшего старосты, характеристика, ступень «ровно»	Первое впечатление председателя-аватара о бывшем старосте, которого он видел у церкви в сюртуке. Мнение, не справка	Показать, как этот аватар видит человека; без оценки его скрытых намерений	«Сюртук» — одна и та же видимая вещь у всех восьми. Не озвучивается	"{""person_address"":{""kind"":""name"",""note"":""Уважительная форма «имя отчество» именного персонажа этой партии в именительном; собирается языком по Именам §5а, не склейкой""}}"	review	{person_address} у церкви был в том самом сюртуке, который я с детства помню. По-прежнему выходит к людям собранным. Места вокруг он знает, но теперь решать за село придётся мне.	0	1	pocketbook.elder.neutral.villager	20052	1	1
ui.office	pocketbook.ryabinin.neutral.worker	body	У церкви {person_family} стоял в праздничном сюртуке. По костюму не поймёшь, как человек работает. Когда поговорим по делу, узнаю, на что он здесь опирается.	Записная книжка кабинета, справочник: страница бывшего старосты, характеристика, ступень «ровно»	Первое впечатление председателя-аватара о бывшем старосте, которого он видел у церкви в сюртуке. Мнение, не справка	Показать, как этот аватар видит человека; без оценки его скрытых намерений	«Сюртук» — одна и та же видимая вещь у всех восьми. Не озвучивается	"{""person_family"":{""kind"":""name"",""note"":""Фамилия именного персонажа этой партии в именительном; выпадает на старте из словаря (Имена §5а), не литерал""}}"	review	У церкви {person_family} стоял в праздничном сюртуке. По костюму не поймёшь, как человек работает. Когда поговорим по делу, узнаю, на что он здесь опирается.	0	1	pocketbook.elder.neutral.worker	20053	1	1
ui.office	pocketbook.ryabinin.neutral.student	body	У церкви {person_address} был одет торжественнее, чем я ожидал. Я собирался расспросить его о селе, но теперь не знаю, с чего начать. Может, с дороги — её я уже видел.	Записная книжка кабинета, справочник: страница бывшего старосты, характеристика, ступень «ровно»	Первое впечатление председателя-аватара о бывшем старосте, которого он видел у церкви в сюртуке. Мнение, не справка	Показать, как этот аватар видит человека; без оценки его скрытых намерений	«Сюртук» — одна и та же видимая вещь у всех восьми. Не озвучивается	"{""person_address"":{""kind"":""name"",""note"":""Уважительная форма «имя отчество» именного персонажа этой партии в именительном; собирается языком по Именам §5а, не склейкой""}}"	review	У церкви {person_address} был одет торжественнее, чем я ожидал. Я собирался расспросить его о селе, но теперь не знаю, с чего начать. Может, с дороги — её я уже видел.	0	1	pocketbook.elder.neutral.student	20054	1	1
ui.office	pocketbook.ryabinin.neutral.ex_chairman	body	{person_family} надел сюртук к встрече нового председателя. Уважение заметил, но по одежде о человеке не сужу. О местных делах он расскажет лучше, когда встретимся на работе.	Записная книжка кабинета, справочник: страница бывшего старосты, характеристика, ступень «ровно»	Первое впечатление председателя-аватара о бывшем старосте, которого он видел у церкви в сюртуке. Мнение, не справка	Показать, как этот аватар видит человека; без оценки его скрытых намерений	«Сюртук» — одна и та же видимая вещь у всех восьми. Не озвучивается	"{""person_family"":{""kind"":""name"",""note"":""Фамилия именного персонажа этой партии в именительном; выпадает на старте из словаря (Имена §5а), не литерал""}}"	review	{person_family} надел сюртук к встрече нового председателя. Уважение заметил, но по одежде о человеке не сужу. О местных делах он расскажет лучше, когда встретимся на работе.	0	1	pocketbook.elder.neutral.ex_chairman	20055	1	1
ui.office	pocketbook.ryabinin.neutral.promoted	body	На встречу {person_family} вышел в сюртуке — порядок соблюдён. Он держался спокойно, не старался понравиться. Похоже, с ним лучше говорить о местах и людях, а не о моём назначении.	Записная книжка кабинета, справочник: страница бывшего старосты, характеристика, ступень «ровно»	Первое впечатление председателя-аватара о бывшем старосте, которого он видел у церкви в сюртуке. Мнение, не справка	Показать, как этот аватар видит человека; без оценки его скрытых намерений	«Сюртук» — одна и та же видимая вещь у всех восьми. Не озвучивается	"{""person_family"":{""kind"":""name"",""note"":""Фамилия именного персонажа этой партии в именительном; выпадает на старте из словаря (Имена §5а), не литерал""}}"	review	На встречу {person_family} вышел в сюртуке — порядок соблюдён. Он держался спокойно, не старался понравиться. Похоже, с ним лучше говорить о местах и людях, а не о моём назначении.	0	1	pocketbook.elder.neutral.promoted	20056	1	1
ui.office	pocketbook.ryabinin.neutral.old_fighter	body	У церкви {person_family} стоял в сюртуке, словно вышел на смотр. Держался спокойно; это я приметил. Что он знает о хозяйстве, спрошу без строевых речей.	Записная книжка кабинета, справочник: страница бывшего старосты, характеристика, ступень «ровно»	Первое впечатление председателя-аватара о бывшем старосте, которого он видел у церкви в сюртуке. Мнение, не справка	Показать, как этот аватар видит человека; без оценки его скрытых намерений	«Сюртук» — одна и та же видимая вещь у всех восьми. Не озвучивается	"{""person_family"":{""kind"":""name"",""note"":""Фамилия именного персонажа этой партии в именительном; выпадает на старте из словаря (Имена §5а), не литерал""}}"	review	У церкви {person_family} стоял в сюртуке, словно вышел на смотр. Держался спокойно; это я приметил. Что он знает о хозяйстве, спрошу без строевых речей.	0	1	pocketbook.elder.neutral.old_fighter	20057	1	1
ui.office	pocketbook.ryabinin.neutral.dealer	body	Приметный сюртук я запомнил сразу. {person_address} встретил меня у церкви без суеты. По одному сюртуку человека не оценишь; разговор о хозяйстве всё покажет.	Записная книжка кабинета, справочник: страница бывшего старосты, характеристика, ступень «ровно»	Первое впечатление председателя-аватара о бывшем старосте, которого он видел у церкви в сюртуке. Мнение, не справка	Показать, как этот аватар видит человека; без оценки его скрытых намерений	«Сюртук» — одна и та же видимая вещь у всех восьми. Не озвучивается	"{""person_address"":{""kind"":""name"",""note"":""Уважительная форма «имя отчество» именного персонажа этой партии в именительном; собирается языком по Именам §5а, не склейкой""}}"	review	Приметный сюртук я запомнил сразу. {person_address} встретил меня у церкви без суеты. По одному сюртуку человека не оценишь; разговор о хозяйстве всё покажет.	0	1	pocketbook.elder.neutral.dealer	20058	1	1
ui.office	pocketbook.ryabinin.neutral.acting	body	К моему приезду {person_family} надел сюртук. Значит, встречу счёл важной. Теперь посмотрю, что он знает о людях и местах, когда начнётся работа.	Записная книжка кабинета, справочник: страница бывшего старосты, характеристика, ступень «ровно»	Первое впечатление председателя-аватара о бывшем старосте, которого он видел у церкви в сюртуке. Мнение, не справка	Показать, как этот аватар видит человека; без оценки его скрытых намерений	«Сюртук» — одна и та же видимая вещь у всех восьми. Не озвучивается	"{""person_family"":{""kind"":""name"",""note"":""Фамилия именного персонажа этой партии в именительном; выпадает на старте из словаря (Имена §5а), не литерал""}}"	review	К моему приезду {person_family} надел сюртук. Значит, встречу счёл важной. Теперь посмотрю, что он знает о людях и местах, когда начнётся работа.	0	1	pocketbook.elder.neutral.acting	20059	1	1
ui.office	pocketbook.ryabinin.history.church.villager	log	В день приезда {person_address} был среди встречавших. О разметке села мы ещё не говорили.	Записная книжка, страница бывшего старосты: первая строка истории, день приезда у церкви	Председатель видел бывшего старосту у церкви в день приезда; разговора ещё не было	Сообщить событие и что оно значит для председателя	Сухая запись книжки голосом аватара	"{""person_address"":{""kind"":""name"",""note"":""Уважительная форма «имя отчество» именного персонажа этой партии в именительном; собирается языком по Именам §5а, не склейкой""}}"	review	В день приезда {person_address} был среди встречавших. О разметке села мы ещё не говорили.	0	1	pocketbook.elder.history.church.villager	20061	2	1
ui.office	pocketbook.ryabinin.history.church.worker	log	У церкви {person_family} был в сюртуке. Прежде чем слушать совет, спрошу его о работе.	Записная книжка, страница бывшего старосты: первая строка истории, день приезда у церкви	Председатель видел бывшего старосту у церкви в день приезда; разговора ещё не было	Сообщить событие и что оно значит для председателя	Сухая запись книжки голосом аватара	"{""person_family"":{""kind"":""name"",""note"":""Фамилия именного персонажа этой партии в именительном; выпадает на старте из словаря (Имена §5а), не литерал""}}"	review	У церкви {person_family} был в сюртуке. Прежде чем слушать совет, спрошу его о работе.	0	1	pocketbook.elder.history.church.worker	20063	1	1
ui.office	pocketbook.ryabinin.history.church.student	log	У церкви {person_address} был в сюртуке. Хотел спросить о селе, но до разговора ещё не дошёл.	Записная книжка, страница бывшего старосты: первая строка истории, день приезда у церкви	Председатель видел бывшего старосту у церкви в день приезда; разговора ещё не было	Сообщить событие и что оно значит для председателя	Сухая запись книжки голосом аватара	"{""person_address"":{""kind"":""name"",""note"":""Уважительная форма «имя отчество» именного персонажа этой партии в именительном; собирается языком по Именам §5а, не склейкой""}}"	review	У церкви {person_address} был в сюртуке. Хотел спросить о селе, но до разговора ещё не дошёл.	0	1	pocketbook.elder.history.church.student	20065	1	1
ui.office	pocketbook.ryabinin.history.church.ex_chairman	log	{person_family} у церкви был в сюртуке. О хозяйстве ещё не говорили; первым делом сверю его слова с местом.	Записная книжка, страница бывшего старосты: первая строка истории, день приезда у церкви	Председатель видел бывшего старосту у церкви в день приезда; разговора ещё не было	Сообщить событие и что оно значит для председателя	Сухая запись книжки голосом аватара	"{""person_family"":{""kind"":""name"",""note"":""Фамилия именного персонажа этой партии в именительном; выпадает на старте из словаря (Имена §5а), не литерал""}}"	review	{person_family} у церкви был в сюртуке. О хозяйстве ещё не говорили; первым делом сверю его слова с местом.	0	1	pocketbook.elder.history.church.ex_chairman	20067	1	1
ui.office	pocketbook.ryabinin.history.church.promoted	log	{person_family} у церкви был в сюртуке. Встреча состоялась, рабочий разговор ещё впереди.	Записная книжка, страница бывшего старосты: первая строка истории, день приезда у церкви	Председатель видел бывшего старосту у церкви в день приезда; разговора ещё не было	Сообщить событие и что оно значит для председателя	Сухая запись книжки голосом аватара	"{""person_family"":{""kind"":""name"",""note"":""Фамилия именного персонажа этой партии в именительном; выпадает на старте из словаря (Имена §5а), не литерал""}}"	review	{person_family} у церкви был в сюртуке. Встреча состоялась, рабочий разговор ещё впереди.	0	1	pocketbook.elder.history.church.promoted	20069	1	1
ui.office	pocketbook.ryabinin.history.church.old_fighter	log	У церкви {person_family} был в сюртуке. К разговору о деле вернусь, когда выйду из кабинета.	Записная книжка, страница бывшего старосты: первая строка истории, день приезда у церкви	Председатель видел бывшего старосту у церкви в день приезда; разговора ещё не было	Сообщить событие и что оно значит для председателя	Сухая запись книжки голосом аватара	"{""person_family"":{""kind"":""name"",""note"":""Фамилия именного персонажа этой партии в именительном; выпадает на старте из словаря (Имена §5а), не литерал""}}"	review	У церкви {person_family} был в сюртуке. К разговору о деле вернусь, когда выйду из кабинета.	0	1	pocketbook.elder.history.church.old_fighter	20071	1	1
ui.office	pocketbook.ryabinin.history.church.dealer	log	У церкви приметил старый сюртук — {person_family} в нём стоял. Его я теперь узнаю; о хозяйстве поговорим отдельно.	Записная книжка, страница бывшего старосты: первая строка истории, день приезда у церкви	Председатель видел бывшего старосту у церкви в день приезда; разговора ещё не было	Сообщить событие и что оно значит для председателя	Сухая запись книжки голосом аватара	"{""person_family"":{""kind"":""name"",""note"":""Фамилия именного персонажа этой партии в именительном; выпадает на старте из словаря (Имена §5а), не литерал""}}"	review	У церкви приметил старый сюртук — {person_family} в нём стоял. Его я теперь узнаю; о хозяйстве поговорим отдельно.	0	1	pocketbook.elder.history.church.dealer	20073	1	1
ui.office	pocketbook.ryabinin.history.church.acting	log	У церкви {person_family} стоял в сюртуке. Встреча запомнилась; о людях и местах расспрошу на работе.	Записная книжка, страница бывшего старосты: первая строка истории, день приезда у церкви	Председатель видел бывшего старосту у церкви в день приезда; разговора ещё не было	Сообщить событие и что оно значит для председателя	Сухая запись книжки голосом аватара	"{""person_family"":{""kind"":""name"",""note"":""Фамилия именного персонажа этой партии в именительном; выпадает на старте из словаря (Имена §5а), не литерал""}}"	review	У церкви {person_family} стоял в сюртуке. Встреча запомнилась; о людях и местах расспрошу на работе.	0	1	pocketbook.elder.history.church.acting	20075	1	1
