namespace	key	kind	text	context	meaning	intent	keep	placeholders	status	example	plural
ui.office	outside.district	body	Райком и лимиты	Имя районного окна группы group.outside; существующий текст базы сохранён.	Связь хозяйства с районом и каталог снабжения за баллы лимита.	Назвать раздел кабинета привычными словами.	Не переименовывать группу group.outside; это не имя отдельного персонажа.	{}	review	Райком и лимиты	0
ui.office	limit.points	body	Баллов лимита на этот год осталось: {points}	Остаток годовых баллов над каталогом района.	Неизрасходованный остаток баллов лимита текущего года, не деньги и не первоначальный фонд.	Показать, сколько ещё можно потратить.	Points передаётся числом; «баллов» стоит перед числом и не меняет формы. Не обещать перенос остатка на следующий год.	{"points":{"kind":"real","meaning":"Остаток баллов лимита текущего года; передавать числом, не готовой строкой."}}	review	Баллов лимита на этот год осталось: 21	0
ui.office	limit.col.lot	body	Товар	Первая колонка каталога лимита; названия отдельных лотов приходят из limit.	То, что хозяйство может заказать у района за баллы лимита.	Назвать содержимое каталога без технического слова «лот».	Краткий заголовок; сами названия лотов не входят в эту строку.	{}	review	Товар	0
ui.office	limit.col.price	body	Цена	Вторая колонка каталога лимита.	Стоимость заказа в баллах лимита, не в рублях.	Отделить стоимость от названия товара и ответа района.	Единица названа в каждой численной цене; не добавлять денежный знак.	{}	review	Цена	0
ui.office	limit.col.answer	body	Ответ района	Третья колонка каталога лимита.	Доступность заказа сегодня или причина отказа района.	Показать, где читать решение района по товару.	Не называть ответ доставкой или остатком на складе.	{}	review	Ответ района	0
ui.office	limit.price	body	{points} {points}|plural(one=балл,few=балла,many=баллов,other=балла)	Стоимость одной строки каталога лимита.	Число баллов лимита, которое стоит данный заказ.	Кратко назвать цену.	Отдельный points печатает число, plural выбирает слово. Для дробного числа other — «балла». Не подставлять рубли.	{"points":{"kind":"real","meaning":"Цена заказа в баллах лимита; числовое значение для печати и выбора plural."}}	review	21 балл	1
ui.office	limit.price.none	body	Цена не назначена	Цена лота отсутствует, а не равна нулю.	У каталога пока нет назначенной цены для этой позиции.	Честно показать отсутствие цены.	Не писать «бесплатно» и не обещать возможность заказа.	{}	review	Цена не назначена	0
ui.office	limit.answer.ok	body	Можно заказать сегодня	Положительный ответ района в колонке каталога.	Район готов принять заказ по этой позиции сейчас.	Подтвердить доступность заказа.	Не обещать прибытие товара сегодня: срок пути показан отдельно.	{}	review	Можно заказать сегодня	0
ui.office	limit.term	body	Подвода района в пути: {min}–{max} {max}|plural(one=сутки,few=суток,many=суток,other=суток)	Общий срок пути подводы района; показан диапазон от min до max.	Нижняя и верхняя границы времени перевозки районной подводой в игровых сутках.	Показать разброс срока без обещания точной даты.	Оба конца диапазона печатаются явно, форма «сутки/суток» выбирается числовым max. Это время пути, не время ожидания своей подводы. Min и max — целые числа, min не больше max.	{"min":{"kind":"int","meaning":"Нижняя граница времени пути районной подводы в игровых сутках."},"max":{"kind":"int","meaning":"Верхняя граница времени пути районной подводы в игровых сутках; аргумент выбора plural."}}	review	Подвода района в пути: 1–3 суток	1
ui.office	limit.on_the_way	body	В пути	Заголовок списка подвод и ожидаемых грузов.	Поставки, для которых показывается состояние перевозки или ожидания.	Отделить уже заказанное от каталога новых заказов.	Краткий заголовок; не название местности.	{}	review	В пути	0
ui.office	limit.on_the_way.none	body	В пути ничего нет	Пустое состояние списка поставок.	В списке нет поставок, состояние которых нужно показать.	Сообщить, что список пуст.	Не утверждать, что в районе закончились товары или у колхоза нет транспорта.	{}	review	В пути ничего нет	0
ui.office	limit.cart.arrives	body	Прибудет через {days} {days}|plural(one=сутки,few=суток,many=суток,other=суток)	Оставшееся время до прибытия конкретной подводы с грузом.	Через сколько игровых суток ожидается эта поставка.	Кратко назвать оставшийся путь.	Days печатается отдельно от plural и передаётся целым числом. Прибывшая подвода использует cart.arrived, а не «через 0 суток».	{"days":{"kind":"int","meaning":"Оставшееся число игровых суток до прибытия поставки; числовой аргумент."}}	review	Прибудет через 21 сутки	1
ui.office	limit.cart.arrived	body	Груз прибыл, ждёт места на складе	Подвода уже приехала, но груз ещё не размещён на складе.	Прибывшая поставка ждёт свободного места для разгрузки.	Отличить прибытие от успешной разгрузки.	Не писать «получено» и не утверждать, что груз уже лежит на складе.	{}	review	Груз прибыл, ждёт места на складе	0
ui.office	limit.cart.own	body	Груз ждёт в райцентре — забрать своими подводами	Поставка требует вывоза собственным транспортом колхоза.	Товар ещё находится в райцентре; районная подвода его не везёт.	Назвать место груза и требуемый способ вывоза.	Не приписывать товару время прибытия районной подводы и не обещать автоматическую доставку.	{}	review	Груз ждёт в райцентре — забрать своими подводами	0
ui.office	limit.cart.own.pending	body	Груз будет готов в райцентре через {days} {days}|plural(one=сутки,few=суток,many=суток,other=суток) — забрать своими подводами	Заказ брёвен с собственным вывозом колхоза; груз в райцентре ещё не готов. Заказ boss-rpg-limit-own-carts-2026-10-01.	Через указанное число игровых суток груз будет готов к вывозу из райцентра, но не прибудет в село.	Отличить срок готовности от районной доставки и назвать способ вывоза.	Days — целое число суток до готовности в райцентре, не до прибытия. Число печатается отдельно от plural. После готовности использовать limit.cart.own, не «через 0 суток». Район лес не везёт; собственного вывоза эта строка не выполняет и автоматического прибытия не обещает.	{"days":{"kind":"int","meaning":"Оставшееся число игровых суток до готовности груза в райцентре для вывоза своими подводами."}}	review	Груз будет готов в райцентре через 4 суток — забрать своими подводами	1
ui.office	limit.cart.loan	body	Товарный заём	Название груза подводы займа, когда у поставки нет отдельного лота каталога.	Натуральная поставка по товарному займу, не покупка за баллы.	Обозначить происхождение груза.	Не подменять заём подарком, названием случайного товара или денежным кредитом.	{}	review	Товарный заём	0
ui.office	limit.sex.female	body	Самка	Выбор пола животного при заказе головы у района.	Животное женского пола; не выбор пола жителя или аватара.	Однозначно назвать вариант заказа.	Обобщённое название для разных видов животных, не «корова» и не «женщина».	{}	review	Самка	0
ui.office	limit.sex.male	body	Самец	Выбор пола животного при заказе головы у района.	Животное мужского пола; не выбор пола жителя или аватара.	Однозначно назвать вариант заказа.	Обобщённое название для разных видов животных, не «бык» и не «мужчина».	{}	review	Самец	0
