namespace	key	kind	text	context	meaning	intent	keep	placeholders	status	example
ui.office	object.field_at	label	поле {place} ({crop})	Подпись поля в кабинете, тревоге или окне объекта; рядом есть известное место.	Пашня привязана к ближайшему пригодному месту карты; в скобках текущая культура либо отсутствие посева.	Назвать понятное место и то, что растёт на поле.	Не добавлять предлог к готовой форме места; культуру не склонять. Пример не задаёт обязательное имя карты.	{"place":{"kind":"text","meaning":"Готовая локализованная форма места .at или допустимая .at_gone, со своим предлогом."},"crop":{"kind":"text","meaning":"Локализованное название текущей культуры в именительном падеже, с маленькой буквы."}}	review	поле у Луговой (рожь)
ui.office	object.field_at_nth	label	{nth} поле {place} ({crop})	Несколько полей с одной культурой у одного места.	Порядковое слово различает одноимённые поля внутри группы, а не показывает внутренний id.	Различить поля без технического номера.	Подстановка nth уже содержит порядковое слово среднего рода; не приписывать окончание. Место приходит с предлогом.	{"nth":{"kind":"text","meaning":"Готовое порядковое слово среднего рода для позиции поля внутри группы."},"place":{"kind":"text","meaning":"Готовая локализованная форма места с предлогом."},"crop":{"kind":"text","meaning":"Название текущей культуры в именительном падеже, с маленькой буквы."}}	review	второе поле у Луговой (рожь)
ui.office	object.field_crop	label	поле ({crop})	Поле без пригодного именованного места поблизости; такое имя в группе единственное.	Культуру удалось узнать, но географическую привязку нельзя сообщать как факт.	Дать короткую честную подпись без выдуманного места.	Не добавлять случайную географию или внутренний id; культуру оставить в готовой форме.	{"crop":{"kind":"text","meaning":"Название текущей культуры в именительном падеже, с маленькой буквы."}}	review	поле (овёс)
ui.office	object.field_crop_nth	label	{crop}, {nth} поле	Несколько полей с одной культурой без пригодного именованного места.	Культура и порядок внутри группы позволяют различить поля без внутреннего id.	Показать культуру первой, затем понятное различие полей.	Порядковое слово среднего рода относится к слову «поле», а не к названию культуры; не склонять crop.	{"crop":{"kind":"text","meaning":"Название текущей культуры в именительном падеже, с маленькой буквы."},"nth":{"kind":"text","meaning":"Готовое порядковое слово среднего рода для поля внутри группы."}}	review	рожь, второе поле
ui.office	object.crop_meadow	label	луг	Вид угодья вместо культуры для сенокосного участка.	Луг косят, а не засеивают полевой культурой; это вид участка, не название посева.	Назвать угодье привычным словом.	Не переводить как культуру или как непосеянную пашню. Шаблон с жёстким словом «поле» сам по себе не делает подпись луга естественной.	{}	review	луг
ui.office	object.crop_floodplain	label	заливной луг	Вид пойменного сенокосного угодья вместо культуры.	Луг в пойме, связанный с разливом реки; не затопленная из-за аварии пашня.	Различить вид луга коротко и без канцелярита.	Сохранить смысл естественного пойменного угодья. Не выдавать слово «заливной» за текущую тревогу о паводке.	{}	review	заливной луг
ui.office	object.crop_none	label	без посева	На пашне нет действующей культуры.	Поле сейчас не засеяно; это состояние участка, не его название и не упрёк игроку.	Честно назвать отсутствие посева.	Не обещать будущую культуру и не подменять отсутствие посева гибелью урожая.	{}	review	поле (без посева)
ui.office	ordinal.neuter.1	label	первое	Порядковое слово для поля внутри группы одинаковых имён.	Первое поле в группе; это не внутренний id объекта и не ранг качества.	Различить поля разговорным порядковым словом.	Средний род, именительный падеж, маленькая буква; согласование со словом «поле».	{}	review	первое поле у Луговой (рожь)
ui.office	ordinal.neuter.2	label	второе	Порядковое слово для поля внутри группы одинаковых имён.	Второе поле в группе; это не внутренний id объекта и не ранг качества.	Различить поля разговорным порядковым словом.	Средний род, именительный падеж, маленькая буква; согласование со словом «поле».	{}	review	второе поле у Луговой (рожь)
ui.office	ordinal.neuter.3	label	третье	Порядковое слово для поля внутри группы одинаковых имён.	Третье поле в группе; это не внутренний id объекта и не ранг качества.	Различить поля разговорным порядковым словом.	Средний род, именительный падеж, маленькая буква; согласование со словом «поле».	{}	review	третье поле у Луговой (рожь)
ui.office	ordinal.neuter.4	label	четвёртое	Порядковое слово для поля внутри группы одинаковых имён.	Четвёртое поле в группе; это не внутренний id объекта и не ранг качества.	Различить поля разговорным порядковым словом.	Средний род, именительный падеж, маленькая буква; буква «ё» не заменяется в исходнике.	{}	review	четвёртое поле у Луговой (рожь)
ui.office	ordinal.neuter.5	label	пятое	Порядковое слово для поля внутри группы одинаковых имён.	Пятое поле в группе; это не внутренний id объекта и не ранг качества.	Различить поля разговорным порядковым словом.	Средний род, именительный падеж, маленькая буква; согласование со словом «поле».	{}	review	пятое поле у Луговой (рожь)
ui.office	ordinal.neuter.6	label	шестое	Порядковое слово для поля внутри группы одинаковых имён.	Шестое поле в группе; это не внутренний id объекта и не ранг качества.	Различить поля разговорным порядковым словом.	Средний род, именительный падеж, маленькая буква; согласование со словом «поле».	{}	review	шестое поле у Луговой (рожь)
ui.office	ordinal.neuter.7	label	седьмое	Порядковое слово для поля внутри группы одинаковых имён.	Седьмое поле в группе; это не внутренний id объекта и не ранг качества.	Различить поля разговорным порядковым словом.	Средний род, именительный падеж, маленькая буква; согласование со словом «поле».	{}	review	седьмое поле у Луговой (рожь)
ui.office	ordinal.neuter.8	label	восьмое	Порядковое слово для поля внутри группы одинаковых имён.	Восьмое поле в группе; это не внутренний id объекта и не ранг качества.	Различить поля разговорным порядковым словом.	Средний род, именительный падеж, маленькая буква; согласование со словом «поле».	{}	review	восьмое поле у Луговой (рожь)
ui.office	ordinal.neuter.9	label	девятое	Порядковое слово для поля внутри группы одинаковых имён.	Девятое поле в группе; это не внутренний id объекта и не ранг качества.	Различить поля разговорным порядковым словом.	Средний род, именительный падеж, маленькая буква; согласование со словом «поле».	{}	review	девятое поле у Луговой (рожь)
ui.office	ordinal.neuter.10	label	десятое	Порядковое слово для поля внутри группы одинаковых имён.	Десятое поле в группе; это не внутренний id объекта и не ранг качества.	Различить поля разговорным порядковым словом.	Средний род, именительный падеж, маленькая буква; согласование со словом «поле».	{}	review	десятое поле у Луговой (рожь)
ui.office	ordinal.neuter.11	label	одиннадцатое	Порядковое слово для поля внутри группы одинаковых имён.	Одиннадцатое поле в группе; это не внутренний id объекта и не ранг качества.	Различить поля разговорным порядковым словом.	Средний род, именительный падеж, маленькая буква; согласование со словом «поле».	{}	review	одиннадцатое поле у Луговой (рожь)
ui.office	ordinal.neuter.12	label	двенадцатое	Порядковое слово для поля внутри группы одинаковых имён.	Двенадцатое поле в группе; это не внутренний id объекта и не ранг качества.	Различить поля разговорным порядковым словом.	Средний род, именительный падеж, маленькая буква; согласование со словом «поле».	{}	review	двенадцатое поле у Луговой (рожь)
ui.office	object.herd_at	label	{kind} {place}	Стадо различается по виду скота и месту.	Животные данного вида находятся у известного места; количество голов в названии не зашифровано.	Назвать животных и показать, где искать стадо.	Kind — готовое название вида, place — готовая фраза с предлогом. Не добавлять слово «стадо» перед курами или склонять чужую готовую форму.	{"kind":{"kind":"text","meaning":"Локализованное название вида скота в готовой форме с маленькой буквы, например «коровы»."},"place":{"kind":"text","meaning":"Готовая локализованная форма места с предлогом."}}	review	коровы у Луговой
ui.office	object.herd_family	label	{kind} — {family}	Личный скот семьи, а не колхозное стадо на постое.	Принадлежность семейного скота различает дворы с одинаковым видом животных.	Связать животных с конкретной семьёй без технического номера.	Family — фамилия семьи во множественном числе и именительном падеже; тире разделяет две готовые подписи. Нельзя получить из неё «Вьюгиных» простым добавлением окончания.	{"kind":{"kind":"text","meaning":"Локализованное название вида скота в готовой форме с маленькой буквы."},"family":{"kind":"name","meaning":"Фамилия фактической семьи во множественном числе, в именительном падеже; например «Вьюгины»."}}	review	куры — Вьюгины
ui.office	object.unit_at	label	{unit} {place}	Юнит с неуникальным именем ступени различается по месту.	Название действующей ступени юнита дополнено пригодной географической привязкой.	Назвать юнит по известному имени и месту, не показывать id.	Имя ступени приходит из реестра, его не переименовывать и не склонять в шаблоне. Place уже содержит предлог. Регистр unit сохраняется.	{"unit":{"kind":"text","meaning":"Готовое локализованное имя действующей ступени юнита из базы строк."},"place":{"kind":"text","meaning":"Готовая локализованная форма места с предлогом."}}	review	Амбар у Луговой
ui.office	object.unit_family	label	{unit} — {family}	Жилой юнит занят конкретной семьёй; одинаковых изб много.	Имя жилья дополняется фамилией живущей в нём семьи; подпись не объявляет форму собственности.	Различить одинаковые избы по семье.	Сохранить обе готовые именительные формы. Не писать «изба семьи {family}»: поступившая фамилия для этого не склонена. Регистр имени ступени сохраняется.	{"unit":{"kind":"text","meaning":"Готовое локализованное имя действующей ступени жилого юнита."},"family":{"kind":"name","meaning":"Фамилия фактической семьи во множественном числе, в именительном падеже."}}	review	Изба — Вьюгины
ui.office	object.same_name_nth	label	{name} № {n}	Предложение UE для остаточных совпадений имён; исключение из правила «номер только для отладки» ещё не принято.	N — порядковая позиция внутри группы одинаковых готовых подписей, не внутренний id объекта.	Различить остаточные совпадения; числовой вариант требует отдельного решения boss.	Не считать строку каноническим разрешением номеров. Если этот вариант будет принят, между знаком № и числом сохраняется неразрывный пробел. Без одобрения не выпускать его как окончательное имя игроку.	{"name":{"kind":"text","meaning":"Уже собранное локализованное имя объекта, которое оказалось неуникальным."},"n":{"kind":"int","meaning":"Позиция начиная с единицы внутри группы одинаковых имён; не id из сохранения."}}	needs_decision	Амбар у Луговой № 2
