usage	text	context	placeholders	status
Приказ: полный день	Объявить праздник рабочим днём	Черновик по boss-all-working-holiday-2026-10-02, ход 1. Личный приказ председателя на выбранный праздник, весь обычный рабочий день. Не аврал и не увеличение нормы работы. Подпись нейтральна к полу аватара. Праздник и срок указываются контекстом приказа; окончательный ключ и показ выбранной даты ждут core.	{}	draft
Приказ: до обеда	Работать в праздник до обеда	Тот же личный выбор, но только первая часть рабочего дня. Не обещать полный выходной, вечерние гуляния или перенос отдыха на другие сутки. Не приравнивать обед к определённому часу без двери ядра. Окончательный ключ ждёт core.	{}	draft
Событие: полный день	На праздник назначен полный рабочий день.	Результат принятого приказа на полный день. Это объявление режима выбранного праздника, не сообщение об уже отработанном дне или спасённом урожае. Годится при объявлении заранее и в те же сутки. Не печатать после отказа; событие и связь с датой праздника должны быть подтверждены core. Числа месяца в текст не добавлять.	{}	draft
Событие: до обеда	На праздник назначена работа до обеда.	Результат принятого приказа на работу до обеда, не на весь день. Не применять к любому произвольному сокращённому рабочему дню или к работе только после обеда. Не обещать, что демонстрация состоялась: утренняя работа этому может помешать. Окончательный ключ и условие выбора варианта ждут core.	{}	draft
Житель: после полного рабочего праздника	Праздник ждали, а весь день пришлось работать. Теперь бы дома спокойно посидеть.	Взрослый обычный работающий житель любого пола и возраста, не фиксированный специалист; действительно отработал полный праздничный день и устал. Только после окончания работы, не сразу при приказе и не заранее. Спокойное сожаление об отдыхе, без бунта, угроз, обвинения государства или требования награды. Не показывать от имени неработавшего жителя. Форма не назначает пол случайного персонажа и не заменяет его паспорт.	{}	draft
Житель: после работы до обеда	Хорошо, что только до обеда. Теперь бы сесть да ноги вытянуть.	Взрослый обычный работающий житель любого пола и возраста; действительно закончил работу до обеда в праздник и устал. Не показывать на полном рабочем дне, пока смена ещё идёт, или при одной только отмене отдыха. Обычное желание отдохнуть, не болезнь и не игровая анимация. Для переводчика: «ноги вытянуть» здесь — удобно сесть и отдохнуть, не угроза, увечье или смерть. Окончательный ключ и место в существующем показе реплик ждут core/boss.	{}	draft
Событие: полный день фактически отработан	Праздник отработан полностью.	Дополнение по boss-all-working-holiday-2026-10-02, ход 5. Только сообщение о фактически завершённом полном рабочем празднике, не о принятии приказа или начале праздничных суток. Не утверждает, что работал каждый житель, выполнен план или спасён урожай. Не применять к работе до обеда или отменённому приказу. Окончательный ключ, сигнал факта работы и поля выбранного праздника ждут контракта core; дата журнала не подменяет дату праздника.	{}	draft
Событие: праздник фактически отработан до обеда	Праздник отработан до обеда.	Дополнение по ходу 5. Только после фактически завершённой работы до обеда в выбранный праздник. Не при объявлении заранее, не при наступлении праздничных суток, не при произвольном сокращении дня или работе только после обеда. Не обещает дополнительный выходной, компенсацию или состоявшуюся демонстрацию. Окончательный ключ, момент окончания этой части дня и состав события определяет core; точный час самостоятельно не назначается.	{}	draft
Событие: приказ о рабочем празднике отменён	Праздник оставлен праздником.	Дополнение по ходу 5. Только после принятой ядром отмены ранее назначенной работы на выбранный праздник, пока праздничные сутки ещё не настали. Не при отказе в отмене, не при сокращении полной работы до обеда и не как результат уже отработанного дня. Не обещает возврата списанной цены, отмены иных приказов или переноса отдыха. Окончательный ключ, подтверждение отмены и поля выбранного праздника ждут core; новый механизм отмены этой строкой не вводится.	{}	draft
