scope_id	scene_key	registry_kind	application	on_escape	escape_option	checkpoint	source_ref	status	note
scene.start.prologue	scene.start.prologue	cutscene_world	outside_authored_corpus			none	manual/design/core/start.md#1-лор-старта-убитый-колхоз	inventory_only	Не назначает вид чужому или ещё не написанному содержанию; умолчание окна host.dialogue остаётся cancel_all.
scene.start.first_store_issue	scene.start.first_store_issue	cutscene_world	outside_authored_corpus			none	manual/design/core/start.md#кат-сцена-первой-выдачи	inventory_only	Не назначает вид чужому или ещё не написанному содержанию; умолчание окна host.dialogue остаётся cancel_all.
scene.start.first_house_collapse	scene.start.first_house_collapse	cutscene_world	outside_authored_corpus			none		inventory_only	Не назначает вид чужому или ещё не написанному содержанию; умолчание окна host.dialogue остаётся cancel_all.
scene.start.first_occupied_house_collapse	scene.start.first_occupied_house_collapse	cutscene_world	outside_authored_corpus			none		inventory_only	Не назначает вид чужому или ещё не написанному содержанию; умолчание окна host.dialogue остаётся cancel_all.
scene.start.first_store_theft	scene.start.first_store_theft	cutscene_world	outside_authored_corpus			none		inventory_only	Не назначает вид чужому или ещё не написанному содержанию; умолчание окна host.dialogue остаётся cancel_all.
scene.district.first_commission_arrival	scene.district.first_commission_arrival	cutscene_world	outside_authored_corpus			none		inventory_only	Не назначает вид чужому или ещё не написанному содержанию; умолчание окна host.dialogue остаётся cancel_all.
scene.life.first_wedding	scene.life.first_wedding	cutscene_world	outside_authored_corpus			none		inventory_only	Не назначает вид чужому или ещё не написанному содержанию; умолчание окна host.dialogue остаётся cancel_all.
scene.emergency.first_fire	scene.emergency.first_fire	cutscene_world	outside_authored_corpus			none		inventory_only	Не назначает вид чужому или ещё не написанному содержанию; умолчание окна host.dialogue остаётся cancel_all.
scene.infrastructure.first_electric_light	scene.infrastructure.first_electric_light	cutscene_world	outside_authored_corpus			none		inventory_only	Не назначает вид чужому или ещё не написанному содержанию; умолчание окна host.dialogue остаётся cancel_all.
scene.era.first_transition_vote	scene.era.first_transition_vote	cutscene_heads	outside_authored_corpus			none		inventory_only	Не назначает вид чужому или ещё не написанному содержанию; умолчание окна host.dialogue остаётся cancel_all.
scene.era.second_transition_vote	scene.era.second_transition_vote	cutscene_heads	outside_authored_corpus			none		inventory_only	Не назначает вид чужому или ещё не написанному содержанию; умолчание окна host.dialogue остаётся cancel_all.
scene.ending.failure	scene.ending.failure	cutscene_world	outside_authored_corpus			none		inventory_only	Не назначает вид чужому или ещё не написанному содержанию; умолчание окна host.dialogue остаётся cancel_all.
scene.ending.epilogue_chronicle	scene.ending.epilogue_chronicle	cutscene_world	outside_authored_corpus			none		inventory_only	Не назначает вид чужому или ещё не написанному содержанию; умолчание окна host.dialogue остаётся cancel_all.
scene.development.roof_over_head	scene.development.roof_over_head	cutscene_world	not_applicable			none	rpg/manual/texts/development-quests-era-i.md#крыша-над-головой	assigned_content	Мир, линейная кат-сцена или фон без окна выбора; Esc и skip_policy кат-сцены не подменяются ответом диалога.
scene.development.own_office	scene.development.own_office	cutscene_heads	dialogue_if_present	cancel_all		none	rpg/manual/texts/development-quests-era-i.md#своя-контора	assigned_content	Только если авторская постановка включает окно выбора host.dialogue; линейная часть кат-сцены остаётся вне этого поля.
scene.development.accountant	scene.development.accountant	cutscene_heads	dialogue_if_present	cancel_all		none	rpg/manual/texts/development-quests-era-i.md#счетовод	assigned_content	Только если авторская постановка включает окно выбора host.dialogue; линейная часть кат-сцены остаётся вне этого поля.
scene.development.juicy_feed	scene.development.juicy_feed	cutscene_world	not_applicable			none	rpg/manual/texts/development-quests-era-i.md#сочный-корм	assigned_content	Мир, линейная кат-сцена или фон без окна выбора; Esc и skip_policy кат-сцены не подменяются ответом диалога.
scene.development.winter_crop	scene.development.winter_crop	cutscene_world	not_applicable			none	rpg/manual/texts/development-quests-era-i.md#озимый-клин	assigned_content	Мир, линейная кат-сцена или фон без окна выбора; Esc и skip_policy кат-сцены не подменяются ответом диалога.
scene.development.teach_children	scene.development.teach_children	cutscene_world	not_applicable			none	rpg/manual/texts/development-quests-era-i.md#учить-детей	assigned_content	Мир, линейная кат-сцена или фон без окна выбора; Esc и skip_policy кат-сцены не подменяются ответом диалога.
scene.development.empty_school	scene.development.empty_school	cutscene_world	not_applicable			none	rpg/manual/texts/development-quests-era-i.md#пустая-школа	assigned_content	Мир, линейная кат-сцена или фон без окна выбора; Esc и skip_policy кат-сцены не подменяются ответом диалога.
scene.development.first_lesson	scene.development.first_lesson	cutscene_world	not_applicable			none	rpg/manual/texts/development-quests-era-i.md#первый-урок	assigned_content	Мир, линейная кат-сцена или фон без окна выбора; Esc и skip_policy кат-сцены не подменяются ответом диалога.
scene.development.one_basin	scene.development.one_basin	cutscene_heads	dialogue_if_present	cancel_all		none	rpg/manual/texts/development-quests-era-i.md#одного-таза-мало	assigned_content	Только если авторская постановка включает окно выбора host.dialogue; линейная часть кат-сцены остаётся вне этого поля.
scene.development.first_bath_firing	scene.development.first_bath_firing	cutscene_world	not_applicable			none	rpg/manual/texts/development-quests-era-i.md#первая-топка	assigned_content	Мир, линейная кат-сцена или фон без окна выбора; Esc и skip_policy кат-сцены не подменяются ответом диалога.
scene.development.evening_place	scene.development.evening_place	cutscene_heads	dialogue_if_present	cancel_all		none	rpg/manual/texts/development-quests-era-i.md#куда-пойти-вечером	assigned_content	Только если авторская постановка включает окно выбора host.dialogue; линейная часть кат-сцены остаётся вне этого поля.
scene.development.club_two_truths	scene.development.club_two_truths	model_scene	authored_dialogue_only	cancel_all		none	rpg/manual/texts/development-quests-later-eras.md#оба-правы	assigned_content	Поле только для окна host.dialogue в authored-ветке; не для ответа модели host.scene и не для её срока days.
scene.development.until_evening	scene.development.until_evening	cutscene_heads	dialogue_if_present	cancel_all		none	rpg/manual/texts/development-quests-later-eras.md#до-вечера	assigned_content	Только если авторская постановка включает окно выбора host.dialogue; линейная часть кат-сцены остаётся вне этого поля.
scene.development.one_horse_for_all	scene.development.one_horse_for_all	cutscene_world	not_applicable			none	rpg/manual/texts/development-quests-later-eras.md#одна-лошадь-на-всех	assigned_content	Мир, линейная кат-сцена или фон без окна выбора; Esc и skip_policy кат-сцены не подменяются ответом диалога.
scene.development.first_common_meal	scene.development.first_common_meal	cutscene_world	not_applicable			none	rpg/manual/texts/development-quests-later-eras.md#первый-общий-обед	assigned_content	Мир, линейная кат-сцена или фон без окна выбора; Esc и skip_policy кат-сцены не подменяются ответом диалога.
scene.development.local_help_not_enough	scene.development.local_help_not_enough	cutscene_world	not_applicable			none	rpg/manual/texts/development-quests-later-eras.md#здесь-своего-не-хватит	assigned_content	Мир, линейная кат-сцена или фон без окна выбора; Esc и skip_policy кат-сцены не подменяются ответом диалога.
scene.development.quiet_district	scene.development.quiet_district	cutscene_world	not_applicable			none	rpg/manual/texts/development-quests-later-eras.md#тихий-участок	assigned_content	Мир, линейная кат-сцена или фон без окна выбора; Esc и skip_policy кат-сцены не подменяются ответом диалога.
scene.development.for_my_folder	scene.development.for_my_folder	cutscene_world	not_applicable			none	rpg/manual/texts/development-quests-later-eras.md#для-моей-папки	assigned_content	Мир, линейная кат-сцена или фон без окна выбора; Esc и skip_policy кат-сцены не подменяются ответом диалога.
scene.development.village_on_map	scene.development.village_on_map	cutscene_world	not_applicable			none	rpg/manual/texts/development-quests-later-eras.md#деревня-на-карте	assigned_content	Мир, линейная кат-сцена или фон без окна выбора; Esc и skip_policy кат-сцены не подменяются ответом диалога.
scene.development.own_station	scene.development.own_station	cutscene_world	not_applicable			none	rpg/manual/texts/development-quests-later-eras.md#своя-станция	assigned_content	Мир, линейная кат-сцена или фон без окна выбора; Esc и skip_policy кат-сцены не подменяются ответом диалога.
scene.development.first_tractor	scene.development.first_tractor	cutscene_world	not_applicable			none	rpg/manual/texts/development-quests-later-eras.md#первый-трактор	assigned_content	Мир, линейная кат-сцена или фон без окна выбора; Esc и skip_policy кат-сцены не подменяются ответом диалога.
scene.development.own_referee	scene.development.own_referee	cutscene_world	not_applicable			none	rpg/manual/texts/development-quests-later-eras.md#свой-судья	assigned_content	Мир, линейная кат-сцена или фон без окна выбора; Esc и skip_policy кат-сцены не подменяются ответом диалога.
scene.development.all_present	scene.development.all_present	cutscene_world	not_applicable			none	rpg/manual/texts/development-quests-later-eras.md#все-на-месте	assigned_content	Мир, линейная кат-сцена или фон без окна выбора; Esc и skip_policy кат-сцены не подменяются ответом диалога.
scene.development.list_ended_first	scene.development.list_ended_first	cutscene_world	not_applicable			none	rpg/manual/texts/development-quests-later-eras.md#список-кончился-первым	assigned_content	Мир, линейная кат-сцена или фон без окна выбора; Esc и skip_policy кат-сцены не подменяются ответом диалога.
scene.development.already_not_same	scene.development.already_not_same	cutscene_world	not_applicable			none	rpg/manual/texts/development-quests-later-eras.md#уже-не-одинаковые	assigned_content	Мир, линейная кат-сцена или фон без окна выбора; Esc и skip_policy кат-сцены не подменяются ответом диалога.
scene.development.bread_for_road	scene.development.bread_for_road	cutscene_world	not_applicable			none	rpg/manual/texts/development-quests-later-eras.md#хлеб-в-дорогу	assigned_content	Мир, линейная кат-сцена или фон без окна выбора; Esc и skip_policy кат-сцены не подменяются ответом диалога.
scene.development.when_i_wipe_window	scene.development.when_i_wipe_window	cutscene_world	not_applicable			none	rpg/manual/texts/development-quests-later-eras.md#когда-окно-протираю	assigned_content	Мир, линейная кат-сцена или фон без окна выбора; Esc и skip_policy кат-сцены не подменяются ответом диалога.
scene.development.hospital_two_histories	scene.development.hospital_two_histories	model_scene	authored_dialogue_only	cancel_all		none	rpg/manual/texts/development-quests-later-eras.md#две-истории	assigned_content	Поле только для окна host.dialogue в authored-ветке; не для ответа модели host.scene и не для её срока days.
scene.development.house_of_culture_argument	scene.development.house_of_culture_argument	model_scene	authored_dialogue_only	cancel_all		none	rpg/manual/texts/development-quests-later-eras.md#а-спорить-где	assigned_content	Поле только для окна host.dialogue в authored-ветке; не для ответа модели host.scene и не для её срока days.
scene.delegation.season_check	scene.delegation.season_check	cutscene_heads	dialogue_if_present	cancel_all		none	rpg/manual/quests/delegation.md#проверка-после-сезона	assigned_content	Только если авторская постановка включает окно выбора host.dialogue; линейная часть кат-сцены остаётся вне этого поля.
scene.delegation.authority_restored	scene.delegation.authority_restored	cutscene_heads	dialogue_if_present	cancel_all		none	rpg/manual/quests/delegation.md#если-полномочия-вернули-позже	assigned_content	Только если авторская постановка включает окно выбора host.dialogue; линейная часть кат-сцены остаётся вне этого поля.
scene.delegation.without_chairman	scene.delegation.without_chairman	cutscene_heads	dialogue_if_present	cancel_all		none	rpg/manual/quests/delegation.md#появление-и-закрытие	assigned_content	Только если авторская постановка включает окно выбора host.dialogue; линейная часть кат-сцены остаётся вне этого поля.
scene.family.freedom_to_leave	scene.family.freedom_to_leave	model_scene	authored_dialogue_only	cancel_all		none	rpg/manual/quests/family-thread.md#разговор-теперь-без-подписи	assigned_content	Поле только для окна host.dialogue в authored-ветке; не для ответа модели host.scene и не для её срока days.
scene.night_hunt.distiller_intercept	scene.night_hunt.distiller_intercept	cutscene_world	not_applicable			none	rpg/manual/texts/night-hunt-scenes.md#перехват-самогонщика-у-ворот	assigned_content	Мир, линейная кат-сцена или фон без окна выбора; Esc и skip_policy кат-сцены не подменяются ответом диалога.
scene.night_hunt.fishers_intercept	scene.night_hunt.fishers_intercept	model_scene	authored_dialogue_only	cancel_all		none	rpg/manual/texts/night-hunt-scenes.md#перехват-рыболовов-на-берегу	assigned_content	Поле только для окна host.dialogue в authored-ветке; не для ответа модели host.scene и не для её срока days.
scene.night_hunt.hunter_intercept	scene.night_hunt.hunter_intercept	cutscene_world	not_applicable			none	rpg/manual/texts/night-hunt-scenes.md#перехват-охотника-в-лесу	assigned_content	Мир, линейная кат-сцена или фон без окна выбора; Esc и skip_policy кат-сцены не подменяются ответом диалога.
scene.night_hunt.detective_opening	scene.night_hunt.detective_opening	cutscene_world	not_applicable			none	rpg/manual/texts/night-hunt-scenes.md#после-третьей-поимки--другой-взгляд	assigned_content	Мир, линейная кат-сцена или фон без окна выбора; Esc и skip_policy кат-сцены не подменяются ответом диалога.
scene.shadow.two_owners	scene.shadow.two_owners	model_scene	authored_dialogue_only	cancel_all		none	rpg/manual/texts/shadow-line-scenes.md#встреча-с-теневым-хозяином	assigned_content	Поле только для окна host.dialogue в authored-ветке; не для ответа модели host.scene и не для её срока days.
scene.way.telephone_first_call	scene.way.telephone_first_call	cutscene_heads	dialogue_if_present	cancel_all		none	rpg/manual/texts/way-of-life-events.md#первый-звонок--аппарат-оказался-двусторонним	assigned_content	Только если авторская постановка включает окно выбора host.dialogue; линейная часть кат-сцены остаётся вне этого поля.
scene.way.telephone_first_personal	scene.way.telephone_first_personal	cutscene_heads	dialogue_if_present	cancel_all		none	rpg/manual/texts/way-of-life-events.md#первый-личный-разговор--днём-при-секретаре	assigned_content	Только если авторская постановка включает окно выбора host.dialogue; линейная часть кат-сцены остаётся вне этого поля.
scene.way.second_day_off_kept	scene.way.second_day_off_kept	cutscene_world	not_applicable			none	rpg/manual/texts/way-of-life-events.md#если-первый-второй-выходной-состоялся	assigned_content	Мир, линейная кат-сцена или фон без окна выбора; Esc и skip_policy кат-сцены не подменяются ответом диалога.
scene.way.second_day_off_cancelled	scene.way.second_day_off_cancelled	cutscene_heads	dialogue_if_present	cancel_all		none	rpg/manual/texts/way-of-life-events.md#если-первый-второй-выходной-отменён	assigned_content	Только если авторская постановка включает окно выбора host.dialogue; линейная часть кат-сцены остаётся вне этого поля.
scene.way.first_pension	scene.way.first_pension	cutscene_heads	dialogue_if_present	cancel_all		none	rpg/manual/texts/way-of-life-events.md#первые-собственные-деньги	assigned_content	Только если авторская постановка включает окно выбора host.dialogue; линейная часть кат-сцены остаётся вне этого поля.
scene.way.passport_blank	scene.way.passport_blank	cutscene_heads	dialogue_if_present	cancel_all		none	rpg/manual/texts/way-of-life-events.md#чистая-оборотная-сторона	assigned_content	Только если авторская постановка включает окно выбора host.dialogue; линейная часть кат-сцены остаётся вне этого поля.
scene.way.first_cash_payment	scene.way.first_cash_payment	cutscene_heads	dialogue_if_present	cancel_all		none	rpg/manual/texts/way-of-life-events.md#первый-расчёт	assigned_content	Только если авторская постановка включает окно выбора host.dialogue; линейная часть кат-сцены остаётся вне этого поля.
scene.alcohol.first_break	scene.alcohol.first_break	cutscene_world	not_applicable			none	rpg/manual/texts/alcoholism-quest-scenes.md#первый-заметный-перелом	assigned_content	Мир, линейная кат-сцена или фон без окна выбора; Esc и skip_policy кат-сцены не подменяются ответом диалога.
scene.alcohol.first_recovery	scene.alcohol.first_recovery	cutscene_world	not_applicable			none	rpg/manual/texts/alcoholism-quest-scenes.md#закрытие-первого-квеста	assigned_content	Мир, линейная кат-сцена или фон без окна выбора; Esc и skip_policy кат-сцены не подменяются ответом диалога.
scene.alcohol.empty_place	scene.alcohol.empty_place	cutscene_world	not_applicable			none	rpg/manual/texts/alcoholism-quest-scenes.md#село-замечает-пустое-место	assigned_content	Мир, линейная кат-сцена или фон без окна выбора; Esc и skip_policy кат-сцены не подменяются ответом диалога.
scene.alcohol.returned_to_work	scene.alcohol.returned_to_work	cutscene_world	not_applicable			none	rpg/manual/texts/alcoholism-quest-scenes.md#если-человек-вышел-сам	assigned_content	Мир, линейная кат-сцена или фон без окна выбора; Esc и skip_policy кат-сцены не подменяются ответом диалога.
scene.alcohol.district_took	scene.alcohol.district_took	cutscene_world	not_applicable			none	rpg/manual/texts/alcoholism-quest-scenes.md#если-район-увёз	assigned_content	Мир, линейная кат-сцена или фон без окна выбора; Esc и skip_policy кат-сцены не подменяются ответом диалога.
scene.alcohol.return_after_two_years	scene.alcohol.return_after_two_years	cutscene_world	not_applicable			none	rpg/manual/texts/alcoholism-quest-scenes.md#возвращение-через-два-года	assigned_content	Мир, линейная кат-сцена или фон без окна выбора; Esc и skip_policy кат-сцены не подменяются ответом диалога.
scene.police.first_meeting	scene.police.first_meeting	cutscene_heads	dialogue_if_present	cancel_all		none	rpg/manual/texts/perk-entry-quests.md#первая-встреча	assigned_content	Только если авторская постановка включает окно выбора host.dialogue; линейная часть кат-сцены остаётся вне этого поля.
scene.police.first_rumor	scene.police.first_rumor	cutscene_heads	dialogue_if_present	cancel_all		none	rpg/manual/texts/perk-entry-quests.md#первый-слух	assigned_content	Только если авторская постановка включает окно выбора host.dialogue; линейная часть кат-сцены остаётся вне этого поля.
scene.perk.owners_eye	scene.perk.owners_eye	cutscene_heads	dialogue_if_present	cancel_all		none	rpg/manual/texts/perk-entry-quests.md#заметно--не-число	assigned_content	Только если авторская постановка включает окно выбора host.dialogue; линейная часть кат-сцены остаётся вне этого поля.
scene.police.neighborly	scene.police.neighborly	cutscene_heads	dialogue_if_present	cancel_all		none	rpg/manual/characters/panteleev.md#по-соседски--бумага-подождёт	assigned_content	Только если авторская постановка включает окно выбора host.dialogue; линейная часть кат-сцены остаётся вне этого поля.
scene.police.own_man	scene.police.own_man	cutscene_heads	dialogue_if_present	cancel_all		none	rpg/manual/characters/panteleev.md#свой-человек--раньше-бумаги	assigned_content	Только если авторская постановка включает окно выбора host.dialogue; линейная часть кат-сцены остаётся вне этого поля.
scene.police.common_cause	scene.police.common_cause	cutscene_heads	dialogue_if_present	cancel_all		none	rpg/manual/characters/panteleev.md#общее-дело--направление-без-приговора	assigned_content	Только если авторская постановка включает окно выбора host.dialogue; линейная часть кат-сцены остаётся вне этого поля.
scene.police.cover	scene.police.cover	cutscene_heads	dialogue_if_present	cancel_all		none	rpg/manual/characters/panteleev.md#прикроет--чужая-папка	assigned_content	Только если авторская постановка включает окно выбора host.dialogue; линейная часть кат-сцены остаётся вне этого поля.
scene.police.last_day	scene.police.last_day	cutscene_world	not_applicable			none	rpg/manual/characters/panteleev.md#последний-рабочий-день	assigned_content	Мир, линейная кат-сцена или фон без окна выбора; Esc и skip_policy кат-сцены не подменяются ответом диалога.
scene.police.new_constable	scene.police.new_constable	cutscene_heads	dialogue_if_present	cancel_all		none	rpg/manual/characters/panteleev.md#новый-участковый	assigned_content	Только если авторская постановка включает окно выбора host.dialogue; линейная часть кат-сцены остаётся вне этого поля.
scene.police.successor_first_case	scene.police.successor_first_case	cutscene_heads	dialogue_if_present	cancel_all		none	rpg/manual/characters/panteleev.md#первое-настоящее-дело-сменщика	assigned_content	Только если авторская постановка включает окно выбора host.dialogue; линейная часть кат-сцены остаётся вне этого поля.
scene.organization.party_organizer_intro	scene.organization.party_organizer_intro	cutscene_heads	dialogue_if_present	cancel_all		none	rpg/manual/characters/organization-voices.md#голос-парторга	assigned_content	Только если авторская постановка включает окно выбора host.dialogue; линейная часть кат-сцены остаётся вне этого поля.
scene.organization.party_organizer_change	scene.organization.party_organizer_change	cutscene_heads	dialogue_if_present	cancel_all		none	rpg/manual/characters/organization-voices.md#редкая-смена-парторга	assigned_content	Только если авторская постановка включает окно выбора host.dialogue; линейная часть кат-сцены остаётся вне этого поля.
scene.organization.komsomol_organizer_intro	scene.organization.komsomol_organizer_intro	cutscene_heads	dialogue_if_present	cancel_all		none	rpg/manual/characters/organization-voices.md#голос-комсорга	assigned_content	Только если авторская постановка включает окно выбора host.dialogue; линейная часть кат-сцены остаётся вне этого поля.
scene.organization.komsomol_organizer_change	scene.organization.komsomol_organizer_change	cutscene_heads	dialogue_if_present	cancel_all		none	rpg/manual/characters/organization-voices.md#смена-комсорга	assigned_content	Только если авторская постановка включает окно выбора host.dialogue; линейная часть кат-сцены остаётся вне этого поля.
scene.order.watchman_first_round	scene.order.watchman_first_round	cutscene_heads	dialogue_if_present	cancel_all		none	rpg/manual/characters/watch-and-patrol.md#первый-обход-сторожа	assigned_content	Только если авторская постановка включает окно выбора host.dialogue; линейная часть кат-сцены остаётся вне этого поля.
scene.order.patrol_first_evening	scene.order.patrol_first_evening	cutscene_heads	dialogue_if_present	cancel_all		none	rpg/manual/characters/watch-and-patrol.md#первый-вечер-дружины	assigned_content	Только если авторская постановка включает окно выбора host.dialogue; линейная часть кат-сцены остаётся вне этого поля.
scene.order.patrol_caught_relative	scene.order.patrol_caught_relative	cutscene_heads	dialogue_if_present	cancel_all		none	rpg/manual/characters/watch-and-patrol.md#поймали-своего	assigned_content	Только если авторская постановка включает окно выбора host.dialogue; линейная часть кат-сцены остаётся вне этого поля.
scene.secretary.appointment	scene.secretary.appointment	cutscene_heads	dialogue_if_present	cancel_all		none	rpg/manual/characters/village-secretary.md#первое-назначение--книги-ещё-не-село	assigned_content	Только если авторская постановка включает окно выбора host.dialogue; линейная часть кат-сцены остаётся вне этого поля.
scene.secretary.first_mismatch	scene.secretary.first_mismatch	cutscene_heads	dialogue_if_present	cancel_all		none	rpg/manual/characters/village-secretary.md#первый-несовпавший-двор	assigned_content	Только если авторская постановка включает окно выбора host.dialogue; линейная часть кат-сцены остаётся вне этого поля.
scene.secretary.acts_to_registry	scene.secretary.acts_to_registry	cutscene_heads	dialogue_if_present	cancel_all		none	rpg/manual/characters/village-secretary.md#акты-переходят-в-загс	assigned_content	Только если авторская постановка включает окно выбора host.dialogue; линейная часть кат-сцены остаётся вне этого поля.
scene.secretary.village_branch	scene.secretary.village_branch	cutscene_heads	dialogue_if_present	cancel_all		none	rpg/manual/characters/village-secretary.md#филиал-в-деревне--одна-строка-получает-комнату	assigned_content	Только если авторская постановка включает окно выбора host.dialogue; линейная часть кат-сцены остаётся вне этого поля.
scene.secretary.tax_books	scene.secretary.tax_books	cutscene_heads	dialogue_if_present	cancel_all		none	rpg/manual/characters/village-secretary.md#эпоха-iii--какую-правду-подписывать	assigned_content	Только если авторская постановка включает окно выбора host.dialogue; линейная часть кат-сцены остаётся вне этого поля.
scene.secretary.replacement	scene.secretary.replacement	cutscene_heads	dialogue_if_present	cancel_all		none	rpg/manual/characters/village-secretary.md#смена-секретаря--книги-не-передают-память	assigned_content	Только если авторская постановка включает окно выбора host.dialogue; линейная часть кат-сцены остаётся вне этого поля.
scene.delegation.science_proposal	scene.delegation.science_proposal	dialogue	host_dialogue	cancel_all		none	rpg/manual/quests/delegation.md#предложение	assigned_content	Esc не выбирает вариант, не вызывает after, не создаёт отказ, приказ или результат квеста.
scene.delegation.give_authority	scene.delegation.give_authority	dialogue	host_dialogue	cancel_all		none	rpg/manual/quests/delegation.md#появление	assigned_content	Esc не выбирает вариант, не вызывает after, не создаёт отказ, приказ или результат квеста.
scene.delegation.right_to_error	scene.delegation.right_to_error	dialogue	host_dialogue	cancel_all		none	rpg/manual/quests/delegation.md#основной-вариант-агроном	assigned_content	Esc не выбирает вариант, не вызывает after, не создаёт отказ, приказ или результат квеста.
scene.delegation.work_status	scene.delegation.work_status	background	not_applicable			none	rpg/manual/quests/delegation.md#что-слышит-игрок-между-узлами	assigned_content	Мир, линейная кат-сцена или фон без окна выбора; Esc и skip_policy кат-сцены не подменяются ответом диалога.
scene.family.before_distribution	scene.family.before_distribution	dialogue	host_dialogue	cancel_all		none	rpg/manual/quests/family-thread.md#разговор-до-выдачи	assigned_content	Esc не выбирает вариант, не вызывает after, не создаёт отказ, приказ или результат квеста.
scene.family.place_in_new_village	scene.family.place_in_new_village	dialogue	host_dialogue	cancel_all		none	rpg/manual/quests/family-thread.md#вариант-а--место-в-новом-селе	assigned_content	Esc не выбирает вариант, не вызывает after, не создаёт отказ, приказ или результат квеста.
scene.family.stay_or_leave	scene.family.stay_or_leave	dialogue	host_dialogue	cancel_all		none	rpg/manual/quests/family-thread.md#вариант-б--остаться-или-уехать	assigned_content	Esc не выбирает вариант, не вызывает after, не создаёт отказ, приказ или результат квеста.
scene.family.freedom_to_leave_decision	scene.family.freedom_to_leave_decision	dialogue	host_dialogue	cancel_all		none	rpg/manual/quests/family-thread.md#разговор-теперь-без-подписи	assigned_content	Esc не выбирает вариант, не вызывает after, не создаёт отказ, приказ или результат квеста.
scene.family.fate_returns	scene.family.fate_returns	background	not_applicable			none	rpg/manual/quests/family-thread.md#короткие-возвраты-для-других-судеб	assigned_content	Мир, линейная кат-сцена или фон без окна выбора; Esc и skip_policy кат-сцены не подменяются ответом диалога.
scene.night_hunt.distiller_report	scene.night_hunt.distiller_report	dialogue	host_dialogue	cancel_all		none	rpg/manual/texts/night-hunt-scenes.md#кто-гонит--пропавшее-сырьё	assigned_content	Esc не выбирает вариант, не вызывает after, не создаёт отказ, приказ или результат квеста.
scene.night_hunt.fishers_report	scene.night_hunt.fishers_report	dialogue	host_dialogue	cancel_all		none	rpg/manual/texts/night-hunt-scenes.md#пустые-сети--свет-у-берега	assigned_content	Esc не выбирает вариант, не вызывает after, не создаёт отказ, приказ или результат квеста.
scene.night_hunt.hunter_report	scene.night_hunt.hunter_report	dialogue	host_dialogue	cancel_all		none	rpg/manual/texts/night-hunt-scenes.md#кто-то-стрелял--лес-стал-чужим-ночью	assigned_content	Esc не выбирает вариант, не вызывает after, не создаёт отказ, приказ или результат квеста.
scene.night_hunt.distiller_decision	scene.night_hunt.distiller_decision	dialogue	host_dialogue	cancel_all		none	rpg/manual/texts/night-hunt-scenes.md#перехват-самогонщика-у-ворот	assigned_content	Esc не выбирает вариант, не вызывает after, не создаёт отказ, приказ или результат квеста.
scene.night_hunt.fishers_decision	scene.night_hunt.fishers_decision	dialogue	host_dialogue	cancel_all		none	rpg/manual/texts/night-hunt-scenes.md#перехват-рыболовов-на-берегу	assigned_content	Esc не выбирает вариант, не вызывает after, не создаёт отказ, приказ или результат квеста.
scene.night_hunt.hunter_decision	scene.night_hunt.hunter_decision	dialogue	host_dialogue	cancel_all		none	rpg/manual/texts/night-hunt-scenes.md#перехват-охотника-в-лесу	assigned_content	Esc не выбирает вариант, не вызывает after, не создаёт отказ, приказ или результат квеста.
scene.night_hunt.repeat_intercept	scene.night_hunt.repeat_intercept	dialogue	host_dialogue	cancel_all		none	rpg/manual/texts/night-hunt-scenes.md#повторные-встречи	assigned_content	Esc не выбирает вариант, не вызывает after, не создаёт отказ, приказ или результат квеста.
scene.shadow.first_shrinkage	scene.shadow.first_shrinkage	dialogue	host_dialogue	cancel_all		none	rpg/manual/texts/shadow-line-scenes.md#когда-приходит-разговор	assigned_content	Esc не выбирает вариант, не вызывает after, не создаёт отказ, приказ или результат квеста.
scene.shadow.reputation_signals	scene.shadow.reputation_signals	background	not_applicable			none	rpg/manual/texts/shadow-line-scenes.md#голоса-скрытой-линии	assigned_content	Мир, линейная кат-сцена или фон без окна выбора; Esc и skip_policy кат-сцены не подменяются ответом диалога.
scene.shadow.line_recedes	scene.shadow.line_recedes	background	not_applicable			none	rpg/manual/texts/shadow-line-scenes.md#когда-линия-идёт-назад	assigned_content	Мир, линейная кат-сцена или фон без окна выбора; Esc и skip_policy кат-сцены не подменяются ответом диалога.
scene.shadow.conspiracy	scene.shadow.conspiracy	background	not_applicable			none	rpg/manual/texts/shadow-line-scenes.md#конспирация--разные-правды	assigned_content	Мир, линейная кат-сцена или фон без окна выбора; Esc и skip_policy кат-сцены не подменяются ответом диалога.
scene.shadow.turnover	scene.shadow.turnover	background	not_applicable			none	rpg/manual/texts/shadow-line-scenes.md#оборот--склад-не-успел-привыкнуть	assigned_content	Мир, линейная кат-сцена или фон без окна выбора; Esc и skip_policy кат-сцены не подменяются ответом диалога.
scene.shadow.accounting	scene.shadow.accounting	background	not_applicable			none	rpg/manual/texts/shadow-line-scenes.md#отчётность--цифрам-лучше-порознь	assigned_content	Мир, линейная кат-сцена или фон без окна выбора; Esc и skip_policy кат-сцены не подменяются ответом диалога.
scene.shadow.connections	scene.shadow.connections	background	not_applicable			none	rpg/manual/texts/shadow-line-scenes.md#связи--пока-платят-за-календарь	assigned_content	Мир, линейная кат-сцена или фон без окна выбора; Esc и skip_policy кат-сцены не подменяются ответом диалога.
scene.shadow.network	scene.shadow.network	background	not_applicable			none	rpg/manual/texts/shadow-line-scenes.md#сеть--каждая-книга-верна-сама-по-себе	assigned_content	Мир, линейная кат-сцена или фон без окна выбора; Esc и skip_policy кат-сцены не подменяются ответом диалога.
scene.shadow.second_owner_signals	scene.shadow.second_owner_signals	background	not_applicable			none	rpg/manual/texts/shadow-line-scenes.md#признаки-второго-хозяина	assigned_content	Мир, линейная кат-сцена или фон без окна выбора; Esc и skip_policy кат-сцены не подменяются ответом диалога.
scene.shadow.two_owners_decision	scene.shadow.two_owners_decision	dialogue	host_dialogue	cancel_all		none	rpg/manual/texts/shadow-line-scenes.md#встреча-с-теневым-хозяином	assigned_content	Esc не выбирает вариант, не вызывает after, не создаёт отказ, приказ или результат квеста.
scene.way.telephone_habit	scene.way.telephone_habit	background	not_applicable			none	rpg/manual/texts/way-of-life-events.md#новая-привычка--вечером-из-клуба	assigned_content	Мир, линейная кат-сцена или фон без окна выбора; Esc и skip_policy кат-сцены не подменяются ответом диалога.
scene.way.second_day_off_habit	scene.way.second_day_off_habit	background	not_applicable			none	rpg/manual/texts/way-of-life-events.md#event_11--второй-выходной	assigned_content	Мир, линейная кат-сцена или фон без окна выбора; Esc и skip_policy кат-сцены не подменяются ответом диалога.
scene.way.pension_habit	scene.way.pension_habit	background	not_applicable			none	rpg/manual/texts/way-of-life-events.md#event_18--пенсии-колхозникам	assigned_content	Мир, линейная кат-сцена или фон без окна выбора; Esc и skip_policy кат-сцены не подменяются ответом диалога.
scene.way.passport_habit	scene.way.passport_habit	background	not_applicable			none	rpg/manual/texts/way-of-life-events.md#event_19--выдача-паспортов	assigned_content	Мир, линейная кат-сцена или фон без окна выбора; Esc и skip_policy кат-сцены не подменяются ответом диалога.
scene.way.cash_bad_month	scene.way.cash_bad_month	background	not_applicable			none	rpg/manual/texts/way-of-life-events.md#первый-плохой-месяц	assigned_content	Мир, линейная кат-сцена или фон без окна выбора; Esc и skip_policy кат-сцены не подменяются ответом диалога.
scene.way.cash_habit	scene.way.cash_habit	background	not_applicable			none	rpg/manual/texts/way-of-life-events.md#event_20--переход-на-денежную-оплату	assigned_content	Мир, линейная кат-сцена или фон без окна выбора; Esc и skip_policy кат-сцены не подменяются ответом диалога.
scene.alcohol.first_talk	scene.alcohol.first_talk	dialogue	host_dialogue	cancel_all		none	rpg/manual/texts/alcoholism-quest-scenes.md#разговор-с-жителем	assigned_content	Esc не выбирает вариант, не вызывает after, не создаёт отказ, приказ или результат квеста.
scene.alcohol.warning_talk	scene.alcohol.warning_talk	dialogue	host_dialogue	cancel_all		none	rpg/manual/texts/alcoholism-quest-scenes.md#разговор-в-окне-предупреждения	assigned_content	Esc не выбирает вариант, не вызывает after, не создаёт отказ, приказ или результат квеста.
scene.alcohol.warning_signals	scene.alcohol.warning_signals	background	not_applicable			none	rpg/manual/texts/alcoholism-quest-scenes.md#как-слышно-что-время-идёт	assigned_content	Мир, линейная кат-сцена или фон без окна выбора; Esc и skip_policy кат-сцены не подменяются ответом диалога.
scene.organization.party_returns	scene.organization.party_returns	background	not_applicable			none	rpg/manual/characters/organization-voices.md#возвраты-парторга-в-трёх-эпохах	assigned_content	Мир, линейная кат-сцена или фон без окна выбора; Esc и skip_policy кат-сцены не подменяются ответом диалога.
scene.organization.komsomol_returns	scene.organization.komsomol_returns	background	not_applicable			none	rpg/manual/characters/organization-voices.md#возвраты-комсорга-в-трёх-эпохах	assigned_content	Мир, линейная кат-сцена или фон без окна выбора; Esc и skip_policy кат-сцены не подменяются ответом диалога.
scene.order.watchman_reports	scene.order.watchman_reports	background	not_applicable			none	rpg/manual/characters/watch-and-patrol.md#три-обычных-доклада	assigned_content	Мир, линейная кат-сцена или фон без окна выбора; Esc и skip_policy кат-сцены не подменяются ответом диалога.
scene.elder.introduction	scene.elder.introduction	dialogue	host_dialogue	cancel_all		none	rpg/manual/texts/elder-introduction-quest.md	assigned_content	Esc не выбирает вариант, не вызывает after, не создаёт отказ, приказ или результат квеста.
scene.elder.first_meeting	scene.elder.first_meeting	dialogue	host_dialogue	cancel_part		first_unconfirmed_step	rpg/manual/texts/elder-start-plan-dialogue.md	assigned_content	Цепочка разметки Рябинина: подтверждённые шаги сохраняются; текущее неподтверждённое окно открывается снова. Не выполняет Размечу по-своему.
scene.start.collective_yard_opening	scene.start.collective_yard_opening	cutscene_world	not_applicable			none	rpg/manual/texts/start-construction-quest.md#назначение-конюха-каждая-знала-свою-калитку	assigned_content	Мир, линейная кат-сцена или фон без окна выбора; Esc и skip_policy кат-сцены не подменяются ответом диалога.
scene.elder.warnings	scene.elder.warnings	background	not_applicable			none	rpg/manual/characters/former-elder.md#три-редких-предупреждения	assigned_content	Мир, линейная кат-сцена или фон без окна выбора; Esc и skip_policy кат-сцены не подменяются ответом диалога.
scene.elder.affected_resident_question	scene.elder.affected_resident_question	dialogue	host_dialogue	cancel_all		none	rpg/manual/characters/former-elder.md#вопрос-жителя-о-новом-жилье	assigned_content	Esc не выбирает вариант, не вызывает after, не создаёт отказ, приказ или результат квеста.
scene.elder.own_name	scene.elder.own_name	dialogue	host_dialogue	cancel_all		none	rpg/manual/characters/former-elder.md#опциональный-узел--своим-именем	assigned_content	Esc не выбирает вариант, не вызывает after, не создаёт отказ, приказ или результат квеста.
scene.elder.restore_talk	scene.elder.restore_talk	dialogue	host_dialogue	cancel_all		none	rpg/manual/characters/former-elder.md#вернуть-разговор	assigned_content	Esc не выбирает вариант, не вызывает after, не создаёт отказ, приказ или результат квеста.
scene.elder.last_advice	scene.elder.last_advice	background	not_applicable			none	rpg/manual/characters/former-elder.md#последний-совет--спросить-специалиста	assigned_content	Мир, линейная кат-сцена или фон без окна выбора; Esc и skip_policy кат-сцены не подменяются ответом диалога.
scene.secretary.late_help_list	scene.secretary.late_help_list	background	not_applicable			none	rpg/manual/characters/village-secretary.md#когда-список-помощи-опоздал	assigned_content	Мир, линейная кат-сцена или фон без окна выбора; Esc и skip_policy кат-сцены не подменяются ответом диалога.
scene.secretary.housing_queue	scene.secretary.housing_queue	background	not_applicable			none	rpg/manual/characters/village-secretary.md#очередь-на-дом--бумага-которая-стареет	assigned_content	Мир, линейная кат-сцена или фон без окна выбора; Esc и skip_policy кат-сцены не подменяются ответом диалога.
scene.secretary.exit_certificate	scene.secretary.exit_certificate	background	not_applicable			none	rpg/manual/characters/village-secretary.md#справка-на-выезд--просьба-остаётся-после-бланка	assigned_content	Мир, линейная кат-сцена или фон без окна выбора; Esc и skip_policy кат-сцены не подменяются ответом диалога.
scene.secretary.phone_queue	scene.secretary.phone_queue	background	not_applicable			none	rpg/manual/characters/village-secretary.md#переговорный-пункт--новая-очередь-без-стульев	assigned_content	Мир, линейная кат-сцена или фон без окна выбора; Esc и skip_policy кат-сцены не подменяются ответом диалога.
scene.district.korenev.era1_question	scene.district.korenev.era1_question	dialogue	host_dialogue	cancel_all		none	rpg/manual/characters/district-faces.md#три-эпохальных-вопроса	assigned_content	Esc не выбирает вариант, не вызывает after, не создаёт отказ, приказ или результат квеста.
scene.district.korenev.era2_question	scene.district.korenev.era2_question	dialogue	host_dialogue	cancel_all		none	rpg/manual/characters/district-faces.md#три-эпохальных-вопроса	assigned_content	Esc не выбирает вариант, не вызывает after, не создаёт отказ, приказ или результат квеста.
scene.district.korenev.era3_question	scene.district.korenev.era3_question	dialogue	host_dialogue	cancel_all		none	rpg/manual/characters/district-faces.md#три-эпохальных-вопроса	assigned_content	Esc не выбирает вариант, не вызывает after, не создаёт отказ, приказ или результат квеста.
scene.district.korenev.protection_return	scene.district.korenev.protection_return	background	not_applicable			none	rpg/manual/characters/district-faces.md#игнат-захарович-коренев--вопрос-вместо-приговора	assigned_content	Мир, линейная кат-сцена или фон без окна выбора; Esc и skip_policy кат-сцены не подменяются ответом диалога.
scene.district.stozharov.inspection_return	scene.district.stozharov.inspection_return	dialogue	host_dialogue	cancel_all		none	rpg/manual/characters/district-faces.md#роман-трофимович-стожаров--маршрут-который-нельзя-приготовить	assigned_content	Esc не выбирает вариант, не вызывает after, не создаёт отказ, приказ или результат квеста.
scene.district.stozharov.protection_return	scene.district.stozharov.protection_return	background	not_applicable			none	rpg/manual/characters/district-faces.md#роман-трофимович-стожаров--маршрут-который-нельзя-приготовить	assigned_content	Мир, линейная кат-сцена или фон без окна выбора; Esc и skip_policy кат-сцены не подменяются ответом диалога.
scene.district.karasev.inspection_return	scene.district.karasev.inspection_return	dialogue	host_dialogue	cancel_all		none	rpg/manual/characters/district-faces.md#геннадий-маркович-карасёв--сначала-охват-потом-человек	assigned_content	Esc не выбирает вариант, не вызывает after, не создаёт отказ, приказ или результат квеста.
scene.district.karasev.fishing_hint	scene.district.karasev.fishing_hint	cutscene_heads	dialogue_if_present	cancel_all		none	rpg/manual/characters/district-faces.md#намёк-на-приём	assigned_content	Только если авторская постановка включает окно выбора host.dialogue; линейная часть кат-сцены остаётся вне этого поля.
scene.district.karasev.mediation_offer	scene.district.karasev.mediation_offer	dialogue	host_dialogue	cancel_all		none	rpg/manual/characters/district-faces.md#посредник-к-кореневу	assigned_content	Esc не выбирает вариант, не вызывает after, не создаёт отказ, приказ или результат квеста.
scene.district.karasev.meeting_appointed	scene.district.karasev.meeting_appointed	cutscene_heads	dialogue_if_present	cancel_all		none	rpg/manual/characters/district-faces.md#посредник-к-кореневу	assigned_content	Только если авторская постановка включает окно выбора host.dialogue; линейная часть кат-сцены остаётся вне этого поля.
scene.district.karasev.protection_return	scene.district.karasev.protection_return	background	not_applicable			none	rpg/manual/characters/district-faces.md#геннадий-маркович-карасёв--сначала-охват-потом-человек	assigned_content	Мир, линейная кат-сцена или фон без окна выбора; Esc и skip_policy кат-сцены не подменяются ответом диалога.
scene.district.zhernova.inspection_question	scene.district.zhernova.inspection_question	dialogue	host_dialogue	cancel_all		none	rpg/manual/characters/district-faces.md#вопросы-по-эпохам	assigned_content	Esc не выбирает вариант, не вызывает after, не создаёт отказ, приказ или результат квеста.
scene.district.zhernova.gift_response	scene.district.zhernova.gift_response	cutscene_heads	dialogue_if_present	cancel_all		none	rpg/manual/characters/district-faces.md#подарок	assigned_content	Только если авторская постановка включает окно выбора host.dialogue; линейная часть кат-сцены остаётся вне этого поля.
scene.district.zhernova.protection_return	scene.district.zhernova.protection_return	background	not_applicable			none	rpg/manual/characters/district-faces.md#серафима-прокофьевна-жернова--один-вопрос-под-вечер	assigned_content	Мир, линейная кат-сцена или фон без окна выбора; Esc и skip_policy кат-сцены не подменяются ответом диалога.
scene.district.polushkina.inspection_return	scene.district.polushkina.inspection_return	dialogue	host_dialogue	cancel_all		none	rpg/manual/characters/district-faces.md#зоя-викторовна-полушкина--инструкция-встречает-жизнь	assigned_content	Esc не выбирает вариант, не вызывает after, не создаёт отказ, приказ или результат квеста.
scene.district.polushkina.reception_return	scene.district.polushkina.reception_return	background	not_applicable			none	rpg/manual/characters/district-faces.md#после-приёма	assigned_content	Мир, линейная кат-сцена или фон без окна выбора; Esc и skip_policy кат-сцены не подменяются ответом диалога.
scene.district.polushkina.senior_correction	scene.district.polushkina.senior_correction	background	not_applicable			none	rpg/manual/characters/district-faces.md#когда-после-неё-приехала-жернова	assigned_content	Мир, линейная кат-сцена или фон без окна выбора; Esc и skip_policy кат-сцены не подменяются ответом диалога.
scene.district.polushkina.protection_return	scene.district.polushkina.protection_return	background	not_applicable			none	rpg/manual/characters/district-faces.md#зоя-викторовна-полушкина--инструкция-встречает-жизнь	assigned_content	Мир, линейная кат-сцена или фон без окна выбора; Esc и skip_policy кат-сцены не подменяются ответом диалога.
scene.district.junior_after_senior	scene.district.junior_after_senior	background	not_applicable			none	rpg/manual/characters/district-faces.md#когда-младшего-сменяет-старший	assigned_content	Мир, линейная кат-сцена или фон без окна выбора; Esc и skip_policy кат-сцены не подменяются ответом диалога.
scene.district.failure_explanation	scene.district.failure_explanation	dialogue	host_dialogue	cancel_all		none	rpg/manual/characters/district-faces.md#объяснение-провала-району	assigned_content	Esc не выбирает вариант, не вызывает after, не создаёт отказ, приказ или результат квеста.
scene.village.quiet_failure	scene.village.quiet_failure	background	not_applicable			none	rpg/manual/characters/distant-village-voices.md#до-сельсовета-на-месте	assigned_content	Мир, линейная кат-сцена или фон без окна выбора; Esc и skip_policy кат-сцены не подменяются ответом диалога.
scene.village.first_local_council	scene.village.first_local_council	cutscene_heads	dialogue_if_present	cancel_all		none	rpg/manual/characters/distant-village-voices.md#когда-появляется-сельсовет	assigned_content	Только если авторская постановка включает окно выбора host.dialogue; линейная часть кат-сцены остаётся вне этого поля.
scene.village.improvement_return	scene.village.improvement_return	background	not_applicable			none	rpg/manual/characters/distant-village-voices.md#после-улучшения	assigned_content	Мир, линейная кат-сцена или фон без окна выбора; Esc и skip_policy кат-сцены не подменяются ответом диалога.
scene.village.resettlement_return	scene.village.resettlement_return	cutscene_heads	dialogue_if_present	cancel_all		none	rpg/manual/characters/distant-village-voices.md#сселение-в-эпохе-iii	assigned_content	Только если авторская постановка включает окно выбора host.dialogue; линейная часть кат-сцены остаётся вне этого поля.
scene.school_fears.teacher_opening	scene.school_fears.teacher_opening	dialogue	host_dialogue	cancel_all		none	rpg/manual/texts/school-fears-bird-scenes.md#сцена-открытия-sceneschool_fearsteacher_opening	assigned_content	Esc не выбирает вариант, не вызывает after, не создаёт отказ, приказ или результат квеста.
scene.school_fears.witch_account	scene.school_fears.witch_account	dialogue	host_dialogue	cancel_all		none	rpg/manual/texts/school-fears-bird-scenes.md#разговор-sceneschool_fearswitch_account	assigned_content	Esc не выбирает вариант, не вызывает after, не создаёт отказ, приказ или результат квеста.
scene.school_fears.source_answer	scene.school_fears.source_answer	dialogue	host_dialogue	cancel_all		none	rpg/manual/texts/school-fears-bird-scenes.md#разговор-sceneschool_fearssource_answer	assigned_content	Esc не выбирает вариант, не вызывает after, не создаёт отказ, приказ или результат квеста.
scene.school_fears.count_cloud	scene.school_fears.count_cloud	cutscene_world	not_applicable			none	rpg/manual/texts/school-fears-bird-scenes.md#сцена-sceneschool_fearscount_cloud--посчитать-облако	assigned_content	Мир, линейная кат-сцена или фон без окна выбора; Esc и skip_policy кат-сцены не подменяются ответом диалога.
scene.school_fears.brave_society	scene.school_fears.brave_society	dialogue	host_dialogue	cancel_all		none	rpg/manual/texts/school-fears-bird-scenes.md#сцена-sceneschool_fearsbrave_society--общество-бесстрашных	assigned_content	Esc не выбирает вариант, не вызывает after, не создаёт отказ, приказ или результат квеста.
scene.school_fears.words_without_owner	scene.school_fears.words_without_owner	cutscene_heads	dialogue_if_present	cancel_all		none	rpg/manual/texts/school-fears-bird-scenes.md#сцена-sceneschool_fearswords_without_owner--слова-без-хозяйки	assigned_content	Только если авторская постановка включает окно выбора host.dialogue; линейная часть кат-сцены остаётся вне этого поля.
scene.school_fears.birds_settle	scene.school_fears.birds_settle	cutscene_world	not_applicable			none	rpg/manual/texts/school-fears-bird-scenes.md#закрывающая-сцена-sceneschool_fearsbirds_settle--птицы-сели	assigned_content	Мир, линейная кат-сцена или фон без окна выбора; Esc и skip_policy кат-сцены не подменяются ответом диалога.
scene.development.night_pasture_offer	scene.development.night_pasture_offer	cutscene_heads	dialogue_if_present	cancel_all		none	rpg/manual/texts/development-quests-era-i.md#лошади-ночью-едят-сами	assigned_content	Только если авторская постановка включает окно выбора host.dialogue; линейная часть кат-сцены остаётся вне этого поля.
scene.development.first_night_pasture	scene.development.first_night_pasture	cutscene_world	not_applicable			none	rpg/manual/texts/development-quests-era-i.md#первое-ночное	assigned_content	Мир, линейная кат-сцена или фон без окна выбора; Esc и skip_policy кат-сцены не подменяются ответом диалога.
scene.development.first_wall_newspaper	scene.development.first_wall_newspaper	cutscene_world	not_applicable			none	rpg/manual/texts/development-quests-era-i.md#первая-полоса	assigned_content	Мир, линейная кат-сцена или фон без окна выбора; Esc и skip_policy кат-сцены не подменяются ответом диалога.
scene.development.second_phone_subscriber	scene.development.second_phone_subscriber	cutscene_world	not_applicable			none	rpg/manual/texts/development-quests-later-eras.md#бумага-пришла-следом	assigned_content	Мир, линейная кат-сцена или фон без окна выбора; Esc и skip_policy кат-сцены не подменяются ответом диалога.
scene.development.radio_node_test	scene.development.radio_node_test	cutscene_heads	dialogue_if_present	cancel_all		none	rpg/manual/texts/development-quests-later-eras.md#слышно-пока-только-здесь	assigned_content	Только если авторская постановка включает окно выбора host.dialogue; линейная часть кат-сцены остаётся вне этого поля.
scene.development.first_loudspeaker_broadcast	scene.development.first_loudspeaker_broadcast	cutscene_world	not_applicable			none	rpg/manual/texts/development-quests-later-eras.md#через-улицу	assigned_content	Мир, линейная кат-сцена или фон без окна выбора; Esc и skip_policy кат-сцены не подменяются ответом диалога.
scene.development.winter_evenings_opening	scene.development.winter_evenings_opening	cutscene_heads	dialogue_if_present	cancel_all		none	rpg/manual/texts/development-quests-later-eras.md#клуб-на-всю-зиму	assigned_content	Только если авторская постановка включает окно выбора host.dialogue; линейная часть кат-сцены остаётся вне этого поля.
scene.development.winter_evenings_result	scene.development.winter_evenings_result	cutscene_world	not_applicable			none	rpg/manual/texts/development-quests-later-eras.md#стулья-в-проходе	assigned_content	Мир, линейная кат-сцена или фон без окна выбора; Esc и skip_policy кат-сцены не подменяются ответом диалога.
scene.development.first_club_tv_viewing	scene.development.first_club_tv_viewing	cutscene_world	not_applicable			none	rpg/manual/texts/development-quests-later-eras.md#председателей-полный-зал	assigned_content	Мир, линейная кат-сцена или фон без окна выбора; Esc и skip_policy кат-сцены не подменяются ответом диалога.
scene.treasure_box.children_bring_casket	scene.treasure_box.children_bring_casket	dialogue	host_dialogue	cancel_all		none	rpg/manual/texts/treasure-box-scenes.md#сцена-scenetreasure_boxchildren_bring_casket--ржавчина-тоже-не-наша	assigned_content	Esc не выбирает вариант, не вызывает after, не создаёт отказ, приказ или результат квеста.
scene.treasure_box.morning_departure	scene.treasure_box.morning_departure	cutscene_world	not_applicable			none	rpg/manual/texts/treasure-box-scenes.md#сцена-scenetreasure_boxmorning_departure--клад-без-хлеба	assigned_content	Мир, линейная кат-сцена или фон без окна выбора; Esc и skip_policy кат-сцены не подменяются ответом диалога.
scene.perk.talk_to_people_open	scene.perk.talk_to_people_open	background	not_applicable			none	rpg/manual/texts/perk-entry-quests.md#поговорить-с-людьми	assigned_content	Мир, линейная кат-сцена или фон без окна выбора; Esc и skip_policy кат-сцены не подменяются ответом диалога.
scene.treasure_box.mill_choice	scene.treasure_box.mill_choice	dialogue	host_dialogue	cancel_all		none	rpg/manual/texts/treasure-box-scenes.md#сцена-scenetreasure_boxmill_choice--камень-у-затона	assigned_content	Esc не выбирает вариант, не вызывает after, не создаёт отказ, приказ или результат квеста.
scene.perk.talk_to_people_close	scene.perk.talk_to_people_close	background	not_applicable			none	rpg/manual/texts/perk-entry-quests.md#поговорить-с-людьми	assigned_content	Мир, линейная кат-сцена или фон без окна выбора; Esc и skip_policy кат-сцены не подменяются ответом диалога.
scene.treasure_box.water_recovery	scene.treasure_box.water_recovery	cutscene_world	not_applicable			none	rpg/manual/texts/treasure-box-scenes.md#сцена-scenetreasure_boxwater_recovery--второй-футляр	assigned_content	Мир, линейная кат-сцена или фон без окна выбора; Esc и skip_policy кат-сцены не подменяются ответом диалога.
scene.treasure_box.forest_search	scene.treasure_box.forest_search	cutscene_world	not_applicable			none	rpg/manual/texts/treasure-box-scenes.md#сцена-scenetreasure_boxforest_search--все-ищут-один-находит	assigned_content	Мир, линейная кат-сцена или фон без окна выбора; Esc и skip_policy кат-сцены не подменяются ответом диалога.
scene.treasure_box.museum_acceptance	scene.treasure_box.museum_acceptance	cutscene_heads	dialogue_if_present	cancel_all		none	rpg/manual/texts/treasure-box-scenes.md#сцена-scenetreasure_boxmuseum_acceptance--один-акт-на-всех	assigned_content	Только если авторская постановка включает окно выбора host.dialogue; линейная часть кат-сцены остаётся вне этого поля.
scene.treasure_box.reward_distribution	scene.treasure_box.reward_distribution	cutscene_heads	dialogue_if_present	cancel_all		none	rpg/manual/texts/treasure-box-scenes.md#сцена-scenetreasure_boxreward_distribution--одна-четверть-несколько-расписок	assigned_content	Только если авторская постановка включает окно выбора host.dialogue; линейная часть кат-сцены остаётся вне этого поля.
scene.treasure_box.bicycle_coda	scene.treasure_box.bicycle_coda	background	not_applicable			none	rpg/manual/texts/treasure-box-scenes.md#сцена-scenetreasure_boxbicycle_coda--до-мельницы-быстрее	assigned_content	Мир, линейная кат-сцена или фон без окна выбора; Esc и skip_policy кат-сцены не подменяются ответом диалога.
scene.district.plan_warning_first	scene.district.plan_warning_first	cutscene_heads	dialogue_if_present	cancel_all		none	rpg/manual/texts/epoch1-ending-lines.md	assigned_content	Только если авторская постановка включает окно выбора host.dialogue; линейная часть кат-сцены остаётся вне этого поля.
scene.district.plan_warning_last	scene.district.plan_warning_last	cutscene_heads	dialogue_if_present	cancel_all		none	rpg/manual/texts/epoch1-ending-lines.md	assigned_content	Только если авторская постановка включает окно выбора host.dialogue; линейная часть кат-сцены остаётся вне этого поля.
scene.ending.trial.warning_rumour	scene.ending.trial.warning_rumour	background	not_applicable			none	rpg/manual/texts/epoch1-ending-lines.md	assigned_content	Мир, линейная кат-сцена или фон без окна выбора; Esc и skip_policy кат-сцены не подменяются ответом диалога.
scene.ending.trial.herd_cause	scene.ending.trial.herd_cause	cutscene_heads	dialogue_if_present	cancel_all		none	rpg/manual/texts/epoch1-ending-lines.md	assigned_content	Только если авторская постановка включает окно выбора host.dialogue; линейная часть кат-сцены остаётся вне этого поля.
scene.ending.trial.notice	scene.ending.trial.notice	cutscene_world	not_applicable			none	rpg/manual/texts/epoch1-ending-lines.md	assigned_content	Мир, линейная кат-сцена или фон без окна выбора; Esc и skip_policy кат-сцены не подменяются ответом диалога.
scene.ending.trial.commission	scene.ending.trial.commission	cutscene_heads	dialogue_if_present	cancel_all		none	rpg/manual/texts/epoch1-ending-lines.md	assigned_content	Только если авторская постановка включает окно выбора host.dialogue; линейная часть кат-сцены остаётся вне этого поля.
scene.ending.trial.case	scene.ending.trial.case	cutscene_heads	dialogue_if_present	cancel_all		none	rpg/manual/texts/epoch1-ending-lines.md	assigned_content	Только если авторская постановка включает окно выбора host.dialogue; линейная часть кат-сцены остаётся вне этого поля.
scene.ending.trial.verdict	scene.ending.trial.verdict	cutscene_world	not_applicable			none	rpg/manual/texts/epoch1-ending-lines.md	assigned_content	Мир, линейная кат-сцена или фон без окна выбора; Esc и skip_policy кат-сцены не подменяются ответом диалога.
scene.ending.trial.farewell	scene.ending.trial.farewell	cutscene_world	not_applicable			none	rpg/manual/texts/epoch1-ending-lines.md	assigned_content	Мир, линейная кат-сцена или фон без окна выбора; Esc и skip_policy кат-сцены не подменяются ответом диалога.
scene.ending.office.fire	scene.ending.office.fire	cutscene_world	not_applicable			none	rpg/manual/texts/epoch1-ending-lines.md	assigned_content	Мир, линейная кат-сцена или фон без окна выбора; Esc и skip_policy кат-сцены не подменяются ответом диалога.
scene.ending.office.removal	scene.ending.office.removal	cutscene_world	not_applicable			none	rpg/manual/texts/epoch1-ending-lines.md	assigned_content	Мир, линейная кат-сцена или фон без окна выбора; Esc и skip_policy кат-сцены не подменяются ответом диалога.
scene.ending.village.warning_report	scene.ending.village.warning_report	cutscene_heads	dialogue_if_present	cancel_all		none	rpg/manual/texts/epoch1-ending-lines.md	assigned_content	Только если авторская постановка включает окно выбора host.dialogue; линейная часть кат-сцены остаётся вне этого поля.
scene.ending.village.warning_rumour	scene.ending.village.warning_rumour	background	not_applicable			none	rpg/manual/texts/epoch1-ending-lines.md	assigned_content	Мир, линейная кат-сцена или фон без окна выбора; Esc и skip_policy кат-сцены не подменяются ответом диалога.
scene.ending.village.liquidation	scene.ending.village.liquidation	cutscene_world	not_applicable			none	rpg/manual/texts/epoch1-ending-lines.md	assigned_content	Мир, линейная кат-сцена или фон без окна выбора; Esc и skip_policy кат-сцены не подменяются ответом диалога.
scene.era.first_transition_offer	scene.era.first_transition_offer	cutscene_heads	dialogue_if_present	cancel_all		none	rpg/manual/texts/epoch1-ending-lines.md	assigned_content	Только если авторская постановка включает окно выбора host.dialogue; линейная часть кат-сцены остаётся вне этого поля.
scene.era.first_transition_refusal	scene.era.first_transition_refusal	cutscene_heads	dialogue_if_present	cancel_all		none	rpg/manual/texts/epoch1-ending-lines.md	assigned_content	Только если авторская постановка включает окно выбора host.dialogue; линейная часть кат-сцены остаётся вне этого поля.
scene.start.office	scene.start.office	cutscene_world	not_applicable			none	rpg/manual/texts/office-intro-full-corpus.md	assigned_content	Мир, линейная кат-сцена или фон без окна выбора; Esc и skip_policy кат-сцены не подменяются ответом диалога.
scene.night_hunt.distiller_leak_return	scene.night_hunt.distiller_leak_return	cutscene_heads	dialogue_if_present	cancel_all		none	rpg/manual/texts/night-hunt-scenes.md#склад-остался-проходным--повторная-утечка	assigned_content	Только если авторская постановка включает окно выбора host.dialogue; линейная часть кат-сцены остаётся вне этого поля.
scene.count_lodge.offer	scene.count_lodge.offer	dialogue	host_dialogue	cancel_all		none	rpg/manual/texts/count-lodge-cellar-quest.md	assigned_content	Esc не выбирает вариант, не вызывает after, не создаёт отказ, приказ или результат квеста.
scene.count_lodge.opening	scene.count_lodge.opening	cutscene_world	not_applicable			none	rpg/manual/texts/count-lodge-cellar-quest.md	assigned_content	Мир, линейная кат-сцена или фон без окна выбора; Esc и skip_policy кат-сцены не подменяются ответом диалога.
goat_opening		not_registered	host_dialogue	cancel_all		none	rpg/manual/texts/stolen-goat-quest-draft.md#старт-вечерняя-жалоба	assigned_content	scope_id — адрес авторского узла аудита, не новый ключ сцены. Подтверждённые прежние разговоры и факты мира не откатываются.
goat_witness		not_registered	host_dialogue	cancel_all		none	rpg/manual/texts/stolen-goat-quest-draft.md#свидетель-увода--необязательный-короткий-разговор	assigned_content	scope_id — адрес авторского узла аудита, не новый ключ сцены. Подтверждённые прежние разговоры и факты мира не откатываются.
goat_recipient		not_registered	host_dialogue	cancel_all		none	rpg/manual/texts/stolen-goat-quest-draft.md#получатель-мяса--один-разговор-не-обыск-дома	assigned_content	scope_id — адрес авторского узла аудита, не новый ключ сцены. Подтверждённые прежние разговоры и факты мира не откатываются.
goat_culprit		not_registered	host_dialogue	cancel_all		none	rpg/manual/texts/stolen-goat-quest-draft.md#виновный-после-проверки-а-не-допрос-по-метрике	assigned_content	scope_id — адрес авторского узла аудита, не новый ключ сцены. Подтверждённые прежние разговоры и факты мира не откатываются.
goat_resolution		not_registered	host_dialogue	cancel_all		none	rpg/manual/texts/stolen-goat-quest-draft.md#закрывающий-выбор-у-пострадавшего-двора	assigned_content	scope_id — адрес авторского узла аудита, не новый ключ сцены. Подтверждённые прежние разговоры и факты мира не откатываются.
