case_id	scenes_or_scope	source_ref	current_policy	question_for_boss	recommendation	status	decision_ref	decision
family_distribution	scene.family.before_distribution	rpg/manual/quests/family-thread.md#разговор-до-выдачи	cancel_all	Считать ли Esc явным До выдачи порядок не меняю?	Нет: это превратит молчание в отказ и запишет память семьи. Обычная выдача идёт по факту мира; исход истечения срока не является выбранным ответом.	accepted_cancel_all	boss-all-dialogue-esc-three-kinds-go-2026-10-02#7	Сохранить cancel_all; Esc не выбирает отказ, приказ, обещание или соглашение. Подтверждённые ранее действия не откатываются.
family_house	scene.family.place_in_new_village	rpg/manual/quests/family-thread.md#вариант-а--место-в-новом-селе	cancel_all	Можно ли Esc выбрать резерв дома, передачу другой паре или обещание стройки?	Нет: все ответы распределяют место или обещают действие. Просьба остаётся без ответа; очередь и фактический срок не замораживаются.	accepted_cancel_all	boss-all-dialogue-esc-three-kinds-go-2026-10-02#7	Сохранить cancel_all; Esc не выбирает отказ, приказ, обещание или соглашение. Подтверждённые ранее действия не откатываются.
family_leave	scene.family.stay_or_leave|scene.family.freedom_to_leave_decision	rpg/manual/quests/family-thread.md#вариант-б--остаться-или-уехать	cancel_all	Считать ли Esc отказом в справке либо согласием на отъезд?	Нет: справка, работа, дом и удержание требуют явного выбора. Самостоятельное решение жителя по обычным правилам остаётся отдельным фактом.	accepted_cancel_all	boss-all-dialogue-esc-three-kinds-go-2026-10-02#7	Сохранить cancel_all; Esc не выбирает отказ, приказ, обещание или соглашение. Подтверждённые ранее действия не откатываются.
delegation	scene.delegation.science_proposal|scene.delegation.give_authority|scene.delegation.right_to_error	rpg/manual/quests/delegation.md	cancel_all	Считать ли Esc сохранением согласования, выдачей либо снятием полномочий?	Нет: даже сохранение уровня как выбранный ответ записывает позицию председателя. Уже действующий уровень не меняется без выбора; исправление ошибки идёт обычным миром.	accepted_cancel_all	boss-all-dialogue-esc-three-kinds-go-2026-10-02#7	Сохранить cancel_all; Esc не выбирает отказ, приказ, обещание или соглашение. Подтверждённые ранее действия не откатываются.
night_intercepts	scene.night_hunt.distiller_decision|scene.night_hunt.fishers_decision|scene.night_hunt.hunter_decision|scene.night_hunt.repeat_intercept	rpg/manual/texts/night-hunt-scenes.md	cancel_all	Считать ли Esc Не мешаю, отбором сети или ружья, сообщением участковому либо вербовкой?	Нет: закрытие окна не выдаёт ни разрешения, ни приказа, ни признания. Неотвеченный перехват и последующее поведение нарушителя нельзя сочинять за рамками правил.	accepted_cancel_all	boss-all-dialogue-esc-three-kinds-go-2026-10-02#7	Сохранить cancel_all; Esc не выбирает отказ, приказ, обещание или соглашение. Подтверждённые ранее действия не откатываются.
fishers_second_window	scene.night_hunt.fishers_decision	rpg/manual/texts/night-hunt-scenes.md#второе-окно--только-для-криминальной-линии	cancel_all	После первого подтверждённого Не мешаю криминальная ветка открывает второе окно: оставлять cancel_all текущего окна или назначить cancel_part всей цепочке?	Оставить cancel_all текущего второго окна: уже подтверждённое первое не откатывается. Отдельный cancel_part сейчас не назначать; Esc не выбирает крышевание или окончательное невмешательство.	accepted_cancel_all	boss-all-dialogue-esc-three-kinds-go-2026-10-02#7	Новую контрольную точку сейчас не вводить; оставить cancel_all текущего окна. Вернуться к вопросу только если реализация host покажет потерю уже пройденного.
shadow_book	scene.shadow.first_shrinkage	rpg/manual/texts/shadow-line-scenes.md#когда-приходит-разговор	cancel_all	Считать ли Esc Пиши всё как есть?	Нет: это явный ответ Шибанову и память отказа. Существующие правила учёта не меняются, но сюжетный отказ не записывается.	accepted_cancel_all	boss-all-dialogue-esc-three-kinds-go-2026-10-02#7	Сохранить cancel_all; Esc не выбирает отказ, приказ, обещание или соглашение. Подтверждённые ранее действия не откатываются.
shadow_owner	scene.shadow.two_owners_decision	rpg/manual/texts/shadow-line-scenes.md#встреча-с-теневым-хозяином	cancel_all	Считать ли Esc отказом второму хозяину, запускающим борьбу, или союзом?	Нет: обе развилки меняют линию власти. Не создавать третьего мирного исхода и не применять один из двух за игрока.	accepted_cancel_all	boss-all-dialogue-esc-three-kinds-go-2026-10-02#7	Сохранить cancel_all; Esc не выбирает отказ, приказ, обещание или соглашение. Подтверждённые ранее действия не откатываются.
elder_plan	scene.elder.first_meeting	rpg/manual/texts/elder-start-plan-dialogue.md#ответы-между-шагами	cancel_part	Считать ли Esc Размечу по-своему или автоматическим Ясно текущего шага?	Нет: сохранять подтверждённые шаги и возвращаться к текущему неподтверждённому. Не принимать предложенный контур и не закрывать оставшуюся разметку.	accepted_cancel_part	boss-all-dialogue-esc-three-kinds-go-2026-10-02#7	Сохранить принятый cancel_part поэтапной разметки старосты, без автоматического подтверждения текущего шага.
elder_introduction	scene.elder.introduction	rpg/manual/texts/elder-introduction-quest.md	cancel_all	Можно ли однокнопочный конец уже прослушанного знакомства закрывать default_result и считать знакомство состоявшимся?	Это возможный честный default_result только после фактически состоявшихся вводных реплик и с существующим ключом подтверждения. До такого этапа Esc не должен закрыть quest_e1_33. Ключ не назначен, пока cancel_all.	conditional_host	boss-all-dialogue-esc-three-kinds-go-2026-10-02#7	Принцип default_result принят только для финального подтверждения уже состоявшегося знакомства; host сверяет существующий доступный escape_option при реализации. До сверки — cancel_all.
elder_responsibility	scene.elder.affected_resident_question|scene.elder.own_name|scene.elder.restore_talk	rpg/manual/characters/former-elder.md#вопрос-жителя-о-новом-жилье	cancel_all	Считать ли Esc принятием ответственности, ссылкой на старосту или извинением?	Нет: меняет память людей и отношения со старостой. Закрытие окна не становится ни обвинением, ни признанием собственной ошибки.	accepted_cancel_all	boss-all-dialogue-esc-three-kinds-go-2026-10-02#7	Сохранить cancel_all; Esc не выбирает отказ, приказ, обещание или соглашение. Подтверждённые ранее действия не откатываются.
district_explanation	scene.district.failure_explanation	rpg/manual/characters/district-faces.md#объяснение-провала-району	cancel_all	Назначить ли Esc общий ответ Не успели закончить вовремя?	Нет: ответ доступен по фактам и числу других вариантов, записывает причину в память района. Даже открытый в данном окне общий ответ нельзя выбирать за игрока.	accepted_cancel_all	boss-all-dialogue-esc-three-kinds-go-2026-10-02#7	Сохранить cancel_all; Esc не выбирает отказ, приказ, обещание или соглашение. Подтверждённые ранее действия не откатываются.
transition	scene.era.first_transition_offer|scene.era.second_transition_vote	rpg/manual/texts/epoch1-ending-lines.md	cancel_all	Считать ли Esc согласием на переход эпохи или официальным отказом на три года?	Нет: Esc оставляет предложение без ответа. Подтверждённый ранее переход или отказ не откатывается; кат-сцена уже принятого исхода вне поля on_escape.	accepted_cancel_all	boss-all-dialogue-esc-three-kinds-go-2026-10-02#7	Сохранить cancel_all; Esc не выбирает отказ, приказ, обещание или соглашение. Подтверждённые ранее действия не откатываются.
treasure	scene.treasure_box.children_bring_casket|scene.treasure_box.mill_choice	rpg/manual/texts/treasure-box-scenes.md#решение	cancel_all	Считать ли Esc отказом от похода или выбором кто лезет в воду?	Нет: отказ закрывает авторское продолжение, выбор у воды фиксирует поступок. Ни одному исходу не назначен escape_option; сезон, погода и световой день проверяются отдельно.	accepted_cancel_all	boss-all-dialogue-esc-three-kinds-go-2026-10-02#7	Сохранить cancel_all; Esc не выбирает отказ, приказ, обещание или соглашение. Подтверждённые ранее действия не откатываются.
treasure_reward	scene.treasure_box.reward_distribution	rpg/manual/texts/treasure-box-scenes.md#сцена-scenetreasure_boxreward_distribution--одна-четверть-несколько-расписок	cancel_all	Если финальная расписка сделана отдельным окном, можно ли Esc считать принятием уже совершившейся передачи?	Возможен default_result только для подтверждения фактически исполненной передачи, без новой выплаты и без удвоения награды. Сейчас это постановка, ключ ответа не задан; не превращать её в окно и не назначать результат.	conditional_host	boss-all-dialogue-esc-three-kinds-go-2026-10-02#7	Принцип default_result принят только для отдельного окна подтверждения уже исполненной передачи. До реализации — cancel_all, если окно есть; линейную постановку не превращать в диалог.
count_lodge	scene.count_lodge.offer	rpg/manual/texts/count-lodge-cellar-quest.md	cancel_all	Считать ли Esc Пока людям не до погреба либо Отправлю двоих с подводой?	Нет: откладывание и согласие — явные ответы. После уточнения источника Esc не создаёт ни поездку, ни наряд; фактически отданный вне диалога наряд не откатывается.	accepted_cancel_all	boss-all-dialogue-esc-three-kinds-go-2026-10-02#7	Сохранить cancel_all; Esc не выбирает отказ, приказ, обещание или соглашение. Подтверждённые ранее действия не откатываются.
stolen_goat	goat_opening|goat_resolution	rpg/manual/texts/stolen-goat-quest-draft.md#закрывающий-выбор-у-пострадавшего-двора	cancel_all	Выбрать ли Esc отказ от расследования, обычную процедуру, возмещение либо помощь двору?	Нет: каждое решение передаёт дело, обещает действие или требует согласия семьи. Прежние подтверждённые свидетельства остаются; молчание не становится обвинением или договором.	accepted_cancel_all	boss-all-dialogue-esc-three-kinds-go-2026-10-02#7	Сохранить cancel_all; Esc не выбирает отказ, приказ, обещание или соглашение. Подтверждённые ранее действия не откатываются.
police_cover	scene.police.cover|scene.order.patrol_caught_relative|scene.secretary.tax_books	rpg/manual/characters/panteleev.md#прикроет--чужая-папка	cancel_all	Выбрать ли Esc прикрытие, исключение для родственника или недостоверную подпись?	Нет: режим относится только к окну выбора, если оно есть в постановке. Пропуск линейной сцены уже исполненного действия не выбирает это действие заново.	accepted_cancel_all	boss-all-dialogue-esc-three-kinds-go-2026-10-02#7	Сохранить cancel_all; Esc не выбирает отказ, приказ, обещание или соглашение. Подтверждённые ранее действия не откатываются.
