key	rev	avatar	voice	duration_seconds	estimated_usd_from_usage	status	wav_sha256	text_sha256
scene.office_intro.plan_sketch.villager	1	villager	Achird	8.6	0.0024985000000000003	source_for_mastering_not_hearing_accepted	489c4ed85d5cf6b1a0475ec79c0db70a1dacbe111cf2c031625f50569a6e2727	ec7fbb7f9af34a46f56b4d644c3439ef7503720a8cff58c19c2ff319427c22f7
scene.office_intro.plan_sketch.worker	1	worker	Iapetus	6.2	0.001804	source_for_mastering_not_hearing_accepted	888ed1f6918de112d0a00763b317ad74fc4ca02cc838470dfd3b1ffc35c5fab5	3a0d8d09f6f306ccd21bd808ddbb66875e7bdd3dccc3571226f1cfcda869d7b0
scene.office_intro.plan_sketch.student	1	student	Puck	6.44	0.0018780000000000001	source_for_mastering_not_hearing_accepted	adebe82a8da9a9a4090260a9a7609615b738d316fa6b01fb3af8090b3a05e171	7f34113909e378bd0ccccc75081eb3850f765934bcc98d07f2cf6e5eb234c13c
scene.office_intro.plan_sketch.ex_chairman	1	ex_chairman	Schedar	9.72	0.0028220000000000003	source_for_mastering_not_hearing_accepted	dbe9259d20f415844975d67ada12c85aec2eac8ed7e85cdbff57038d615754b9	6989ecdef220835ada1b6f23eed0fd37991ad2403d70777fa7ebc6a75aa4a0ac
scene.office_intro.plan_sketch.promoted	1	promoted	Charon	7.28	0.00211	source_for_mastering_not_hearing_accepted	2a4138ac540cd5207633beabd934b37e4deacbf35d57fe6d7a84ecc810465c37	7017edf1ee849ebbdb159f433f18cc7d40b8c1f18bc52ece8ec98d4527f8b09b
scene.office_intro.plan_sketch.old_fighter	1	old_fighter	Algenib	10.08	0.0029224999999999998	source_for_mastering_not_hearing_accepted	c281aa669f596b2e3147263d441768c5931c61cfc8826f9fef60828455c04b78	531cb1fdd75fe4dbb26e0530c819a6feba1ebfef78578f525ddc925f3757dd1d
scene.office_intro.plan_sketch.dealer	1	dealer	Algieba	8.32	0.002418	source_for_mastering_not_hearing_accepted	c178c219700460210a242e467d6e6e33e5d1cbf395cec850f5a8fc44ca717baa	201ca28fe675e4f2f26e13affa6180999a357b7819686be02d1c0310b3f14efc
scene.office_intro.plan_sketch.acting	1	acting	Kore	6.88	0.0020044999999999998	source_for_mastering_not_hearing_accepted	232428ddca4ff1d967f5f31e916907d1223a4b208949a369ec2937169e1b630b	8ea0fc12ef39815b7617f4ade4acd0c136b2a0fd11c11fca9d45c9e481bc1070
scene.office_intro.portrait.villager	2	villager	Achird	7.56	0.0021904999999999997	source_for_mastering_not_hearing_accepted	34d928a03a908ab04f26bf90a3d00a7070aff344cd00adb7e9a511bc585d42a9	5a2b9f1c892cb64bb40745c7da6a206fd1fee49bca7fae395e9112567cfe62dc
scene.office_intro.portrait.worker	2	worker	Iapetus	5.64	0.00164	source_for_mastering_not_hearing_accepted	fc2f372e992dda837c395347c75c386dadfd7c15b940b5d9cd748b570547013d	9425fd0eee30364989a330a8bbd029d388c0df21c6d979ca007775ce5afffce1
scene.office_intro.portrait.student	2	student	Puck	8.4	0.002433	source_for_mastering_not_hearing_accepted	a5f674f68410ca06fa04654ed74a0d9f9169ca117d48851ca1b1cca470abf4a0	5cd54f05f8e1d7d60035e8714768f948786af40e420009476149206c249c5511
scene.office_intro.portrait.ex_chairman	2	ex_chairman	Schedar	10.28	0.002974	source_for_mastering_not_hearing_accepted	c388cfeebd85a74ad3e01907b1bc106a16c39231a73d31ff03960ea577682f14	37b465ec329f46a9832a370296b882e70cc942c7c3c4a4e01c0089691d34fc55
scene.office_intro.portrait.promoted	2	promoted	Charon	5.88	0.0017125	source_for_mastering_not_hearing_accepted	6a06a042226369ca2b9db46f7bb1aac22cfead6e9aad7ff03f6b2077a0643780	1f68e9c3095c96cf71e1e5ce4ea672ed4466d146996e45c4fd1f0f429d210b86
scene.office_intro.portrait.old_fighter	2	old_fighter	Algenib	10.92	0.0031635	source_for_mastering_not_hearing_accepted	d0368bf9cea8a141e995be133a572276104570ee5e6455b2ddeb3b2e00bb6f69	a03c2cf352d178e719d4f0ff55d82ff1cf63b732434acd4978889f8d8a15b2ae
scene.office_intro.portrait.dealer	2	dealer	Algieba	7.28	0.0021105	source_for_mastering_not_hearing_accepted	2006bf55e2d60d358eb63d7d02c3be0b2c456ec6fca4ab4a6db7cc4a8d304006	8693862e287f685174ebfd015508e0bd4ce10d7b4804e5dce6ce3dd58a11314a
scene.office_intro.portrait.acting	2	acting	Kore	6.16	0.0017935	source_for_mastering_not_hearing_accepted	afa8a67fdd2b7d6dd8af920b2f693674de6021982d231001c08518f58649c331	71e479df906ab35663356b4fbe537b332649b8e0b2c878b10bebeb7ba735d798
