key	avatar	voice	rev
scene.office_intro.charts.old_fighter	old_fighter	Algenib	1
scene.office_intro.papers.old_fighter	old_fighter	Algenib	1
scene.office_intro.door.old_fighter	old_fighter	Algenib	1
scene.office_intro.wall_map.old_fighter	old_fighter	Algenib	1
scene.office_intro.posters.old_fighter	old_fighter	Algenib	1
scene.office_intro.journal.old_fighter	old_fighter	Algenib	1
scene.office_intro.pocketbook.old_fighter	old_fighter	Algenib	1
scene.office_intro.newspaper.old_fighter	old_fighter	Algenib	1
scene.office_intro.personal_item.old_fighter	old_fighter	Algenib	1
scene.office_intro.portrait.old_fighter	old_fighter	Algenib	1
scene.office_intro.calendar.old_fighter	old_fighter	Algenib	1
scene.office_intro.clock.old_fighter	old_fighter	Algenib	1
scene.office_intro.stove.old_fighter	old_fighter	Algenib	2
scene.office_intro.lamp.old_fighter	old_fighter	Algenib	1
scene.office_intro.window.old_fighter	old_fighter	Algenib	1
scene.office_intro.drawer.old_fighter	old_fighter	Algenib	1
scene.office_intro.affairs_notebook.old_fighter	old_fighter	Algenib	1
scene.office_intro.exit_choice.old_fighter	old_fighter	Algenib	1
scene.office_intro.enter.dealer	dealer	Algieba	1
scene.office_intro.notebooks.dealer	dealer	Algieba	1
scene.office_intro.charts.dealer	dealer	Algieba	1
scene.office_intro.papers.dealer	dealer	Algieba	1
scene.office_intro.door.dealer	dealer	Algieba	1
scene.office_intro.wall_map.dealer	dealer	Algieba	1
scene.office_intro.posters.dealer	dealer	Algieba	1
scene.office_intro.journal.dealer	dealer	Algieba	1
scene.office_intro.pocketbook.dealer	dealer	Algieba	1
scene.office_intro.newspaper.dealer	dealer	Algieba	1
scene.office_intro.personal_item.dealer	dealer	Algieba	1
scene.office_intro.portrait.dealer	dealer	Algieba	1
scene.office_intro.calendar.dealer	dealer	Algieba	1
scene.office_intro.clock.dealer	dealer	Algieba	1
scene.office_intro.stove.dealer	dealer	Algieba	2
scene.office_intro.lamp.dealer	dealer	Algieba	1
scene.office_intro.window.dealer	dealer	Algieba	1
scene.office_intro.drawer.dealer	dealer	Algieba	1
scene.office_intro.affairs_notebook.dealer	dealer	Algieba	1
scene.office_intro.exit_choice.dealer	dealer	Algieba	1
scene.office_intro.enter.acting	acting	Kore	1
scene.office_intro.notebooks.acting	acting	Kore	1
scene.office_intro.charts.acting	acting	Kore	1
scene.office_intro.papers.acting	acting	Kore	1
scene.office_intro.door.acting	acting	Kore	1
scene.office_intro.wall_map.acting	acting	Kore	1
scene.office_intro.posters.acting	acting	Kore	1
scene.office_intro.journal.acting	acting	Kore	1
scene.office_intro.pocketbook.acting	acting	Kore	1
scene.office_intro.newspaper.acting	acting	Kore	1
scene.office_intro.personal_item.acting	acting	Kore	1
scene.office_intro.portrait.acting	acting	Kore	1
scene.office_intro.calendar.acting	acting	Kore	1
scene.office_intro.clock.acting	acting	Kore	1
scene.office_intro.stove.acting	acting	Kore	2
scene.office_intro.lamp.acting	acting	Kore	1
scene.office_intro.window.acting	acting	Kore	1
scene.office_intro.drawer.acting	acting	Kore	1
scene.office_intro.affairs_notebook.acting	acting	Kore	1
scene.office_intro.exit_choice.acting	acting	Kore	1
