key	title	kind	era_id	trigger_ref	repeat_policy	skip_policy	location_policy	participant_policy	authored_ref	source_ref	voice_policy	status	note	sort
scene.start.prologue	Пролог: дорога в колхоз	cutscene_world	1	fact:new_game	once	mandatory	world	fixed_person	manual/design/core/start.md#1-лор-старта-убитый-колхоз	manual/design/core/start.md#1-лор-старта-убитый-колхоз	text_only	text_ready	Первая партия обязательна; последующие прохождения пропускаются.	10
scene.start.first_store_issue	Первая выдача из церкви	cutscene_world	1	quest:quest_e1_03; fact:first_store_issue	once	skippable	unit	procedural	manual/design/core/start.md#кат-сцена-первой-выдачи	manual/design/core/start.md#кат-сцена-первой-выдачи	text_only	text_ready		20
scene.start.first_house_collapse	Первый рухнувший дом	cutscene_world	1	fact:first_old_house_collapse	once	skippable	unit	procedural		manual/design/core/start.md#правила-для-обучающих-кат-сцен	text_only	idea	Полная авторская постановка отсутствует.	30
scene.start.first_occupied_house_collapse	Первое обрушение при жильцах	cutscene_world	1	fact:first_occupied_house_collapse	once	skippable	unit	group		manual/design/core/start.md#правила-для-обучающих-кат-сцен	text_only	idea	Полная авторская постановка отсутствует.	40
scene.start.first_store_theft	Первая ночная пропажа со склада	cutscene_world	1	fact:first_church_store_theft	once	skippable	unit	procedural		manual/design/core/start.md#правила-для-обучающих-кат-сцен	text_only	idea	Полная авторская постановка отсутствует.	50
scene.district.first_commission_arrival	Первый приезд комиссии	cutscene_world		fact:first_district_commission_arrival	once	mandatory	world	group		manual/design/core/start.md#правила-для-обучающих-кат-сцен	engine_allowed	idea	Полная авторская постановка отсутствует.	60
scene.life.first_wedding	Первая свадьба	cutscene_world		fact:first_wedding	once	stages	world	group		manual/design/chairman/dialogues.md#длинные-сцены--из-этапов	engine_allowed	idea	Четыре этапа заданы; полного сценария нет.	70
scene.emergency.first_fire	Первый пожар	cutscene_world		fact:first_fire	once	skippable	incident	group		manual/design/core/start.md#правила-для-обучающих-кат-сцен	engine_allowed	idea	Полная авторская постановка отсутствует.	80
scene.infrastructure.first_electric_light	Первый электрический свет	cutscene_world	1	quest:quest_e1_18.close; event:event_01	once	mandatory	unit	group		manual/design/infrastructure/electricity.md#9-событие-а-не-улучшение	engine_allowed	idea	Образ задан; дословной сцены нет.	90
scene.era.first_transition_vote	Первое переходное собрание	cutscene_heads	1	fact:era_1_transition_vote	once	mandatory	unit	group		manual/design/core/epochs.md#механика-самого-перехода	engine_allowed	idea	Авторский ход не написан.	100
scene.era.second_transition_vote	Второе переходное собрание	cutscene_heads	2	fact:era_2_transition_vote	once	mandatory	unit	group		manual/design/core/epochs.md#механика-самого-перехода	engine_allowed	idea	Авторский ход не написан.	110
scene.ending.failure	Финал после провала	cutscene_world		fact:game_failure	once	mandatory	world	group		manual/design/core/epochs.md#9-что-происходит-после-провала	text_only	idea	Тип зависит от причины; полного сценария нет.	120
scene.ending.epilogue_chronicle	Эпилог-хроника	cutscene_world		fact:game_ending	once	stages	world	group		manual/design/core/epochs.md#эпилог-хроника-часть-кат-сцены	text_only	idea	Состав задан; авторские формулировки не написаны.	130
scene.development.roof_over_head	Крыша над головой	cutscene_world	1	quest:quest_e1_02.open	once	skippable	unit	procedural	rpg/manual/texts/development-quests-era-i.md#крыша-над-головой	rpg/manual/texts/development-quests-era-i.md#крыша-над-головой	engine_allowed	text_ready		140
scene.development.own_office	Своя контора	cutscene_heads	1	quest:quest_e1_04.open	once	skippable	office	group	rpg/manual/texts/development-quests-era-i.md#своя-контора	rpg/manual/texts/development-quests-era-i.md#своя-контора	engine_allowed	text_ready		150
scene.development.accountant	Счетовод	cutscene_heads	1	quest:quest_e1_05; fact:accountant_appointed	first_time	skippable	office	role_holder	rpg/manual/texts/development-quests-era-i.md#счетовод	rpg/manual/texts/development-quests-era-i.md#счетовод	engine_allowed	text_ready		160
scene.development.juicy_feed	Сочный корм	cutscene_world	1	quest:quest_e1_06.open	once	skippable	incident	procedural	rpg/manual/texts/development-quests-era-i.md#сочный-корм	rpg/manual/texts/development-quests-era-i.md#сочный-корм	engine_allowed	text_ready		170
scene.development.winter_crop	Озимый клин	cutscene_world	1	quest:quest_e1_07.open	once	skippable	incident	group	rpg/manual/texts/development-quests-era-i.md#озимый-клин	rpg/manual/texts/development-quests-era-i.md#озимый-клин	engine_allowed	text_ready		180
scene.development.teach_children	Учить детей	cutscene_world	1	quest:quest_e1_10.open	once	skippable	world	procedural	rpg/manual/texts/development-quests-era-i.md#учить-детей	rpg/manual/texts/development-quests-era-i.md#учить-детей	engine_allowed	text_ready		190
scene.development.empty_school	Пустая школа	cutscene_world	1	quest:quest_e1_11.open	once	skippable	unit	procedural	rpg/manual/texts/development-quests-era-i.md#пустая-школа	rpg/manual/texts/development-quests-era-i.md#пустая-школа	engine_allowed	text_ready		200
scene.development.first_lesson	Первый урок	cutscene_world	1	quest:quest_e1_11; fact:first_lesson	once	skippable	unit	group	rpg/manual/texts/development-quests-era-i.md#первый-урок	rpg/manual/texts/development-quests-era-i.md#первый-урок	engine_allowed	text_ready		210
scene.development.one_basin	Одного таза мало	cutscene_heads	1	quest:quest_e1_14.open	once	skippable	office	procedural	rpg/manual/texts/development-quests-era-i.md#одного-таза-мало	rpg/manual/texts/development-quests-era-i.md#одного-таза-мало	engine_allowed	text_ready		220
scene.development.first_bath_firing	Первая топка	cutscene_world	1	quest:quest_e1_14.close; fact:first_bath_day	once	skippable	unit	group	rpg/manual/texts/development-quests-era-i.md#первая-топка	rpg/manual/texts/development-quests-era-i.md#первая-топка	engine_allowed	text_ready		230
scene.development.evening_place	Куда пойти вечером	cutscene_heads	1	quest:quest_e1_19.open	once	skippable	office	group	rpg/manual/texts/development-quests-era-i.md#куда-пойти-вечером	rpg/manual/texts/development-quests-era-i.md#куда-пойти-вечером	engine_allowed	text_ready		240
scene.development.club_two_truths	Оба правы	model_scene	2	quest:quest_e2_03.close	once	skippable	unit	group	rpg/manual/texts/development-quests-later-eras.md#оба-правы	rpg/manual/texts/development-quests-later-eras.md#оба-правы	engine_allowed	text_ready	Открытая mid-форма остаётся в скрипте.	250
scene.development.until_evening	До вечера	cutscene_heads	2	quest:quest_e2_04.open	once	skippable	office	procedural	rpg/manual/texts/development-quests-later-eras.md#до-вечера	rpg/manual/texts/development-quests-later-eras.md#до-вечера	engine_allowed	text_ready		260
scene.development.one_horse_for_all	Одна лошадь на всех	cutscene_world	2	fact:first_kindergarten_day	once	skippable	unit	group	rpg/manual/texts/development-quests-later-eras.md#одна-лошадь-на-всех	rpg/manual/texts/development-quests-later-eras.md#одна-лошадь-на-всех	engine_allowed	text_ready		270
scene.development.first_common_meal	Первый общий обед	cutscene_world	2	quest:quest_e2_05.close; fact:first_canteen_meal	once	skippable	unit	group	rpg/manual/texts/development-quests-later-eras.md#первый-общий-обед	rpg/manual/texts/development-quests-later-eras.md#первый-общий-обед	engine_allowed	text_ready		280
scene.development.local_help_not_enough	Здесь своего не хватит	cutscene_world	2	quest:quest_e2_24.open; fact:first_sick_animal_without_vet	once	skippable	incident	procedural	rpg/manual/texts/development-quests-later-eras.md#здесь-своего-не-хватит	rpg/manual/texts/development-quests-later-eras.md#здесь-своего-не-хватит	engine_allowed	text_ready		290
scene.development.quiet_district	Тихий участок	cutscene_world	2	quest:quest_e2_14.close; fact:first_fap_workday	once	skippable	unit	role_holder	rpg/manual/texts/development-quests-later-eras.md#тихий-участок	rpg/manual/texts/development-quests-later-eras.md#тихий-участок	engine_allowed	text_ready		300
scene.development.for_my_folder	Для моей папки	cutscene_world	2	quest:quest_e2_15.close; fact:first_registry_marriage	once	skippable	unit	group	rpg/manual/texts/development-quests-later-eras.md#для-моей-папки	rpg/manual/texts/development-quests-later-eras.md#для-моей-папки	engine_allowed	text_ready		310
scene.development.village_on_map	Деревня на карте	cutscene_world	2	quest:quest_e2_06.open	once	skippable	world	group	rpg/manual/texts/development-quests-later-eras.md#деревня-на-карте	rpg/manual/texts/development-quests-later-eras.md#деревня-на-карте	engine_allowed	text_ready		320
scene.development.own_station	Своя станция	cutscene_world	2	quest:quest_e2_07.close; fact:mts_opened	once	skippable	unit	role_holder	rpg/manual/texts/development-quests-later-eras.md#своя-станция	rpg/manual/texts/development-quests-later-eras.md#своя-станция	engine_allowed	text_ready		330
scene.development.first_tractor	Первый трактор	cutscene_world	2	quest:quest_e2_09.close; fact:first_local_tractor_order	once	stages	incident	group	rpg/manual/texts/development-quests-later-eras.md#первый-трактор	rpg/manual/texts/development-quests-later-eras.md#первый-трактор	engine_allowed	text_ready	Перегон не входит; постановка ждёт полевого наряда.	340
scene.development.own_referee	Свой судья	cutscene_world	2	quest:quest_e2_17.close; fact:first_home_match	once	stages	unit	group	rpg/manual/texts/development-quests-later-eras.md#свой-судья	rpg/manual/texts/development-quests-later-eras.md#свой-судья	engine_allowed	text_ready	Счёт и драка приходят из системы.	350
scene.development.all_present	Все на месте	cutscene_world	2	quest:quest_e2_18.close; fact:first_camp_session	once	skippable	unit	group	rpg/manual/texts/development-quests-later-eras.md#все-на-месте	rpg/manual/texts/development-quests-later-eras.md#все-на-месте	engine_allowed	text_ready		360
scene.development.list_ended_first	Список кончился первым	cutscene_world	2	quest:quest_e2_19.close; fact:first_fully_housed_visiting_group	once	skippable	unit	group	rpg/manual/texts/development-quests-later-eras.md#список-кончился-первым	rpg/manual/texts/development-quests-later-eras.md#список-кончился-первым	engine_allowed	text_ready		370
scene.development.already_not_same	Уже не одинаковые	cutscene_world	2	quest:quest_e2_21.close; fact:first_warm_school_day_after_uniform_issue	once	skippable	unit	group	rpg/manual/texts/development-quests-later-eras.md#уже-не-одинаковые	rpg/manual/texts/development-quests-later-eras.md#уже-не-одинаковые	engine_allowed	text_ready		380
scene.development.bread_for_road	Хлеб в дорогу	cutscene_world	3	quest:quest_e3_02.close; fact:first_technical_school_intake	once	skippable	unit	group	rpg/manual/texts/development-quests-later-eras.md#хлеб-в-дорогу	rpg/manual/texts/development-quests-later-eras.md#хлеб-в-дорогу	engine_allowed	text_ready		390
scene.development.when_i_wipe_window	Когда окно протираю	cutscene_world	3	quest:quest_e3_04.close; fact:first_rest_home_guests	once	skippable	unit	group	rpg/manual/texts/development-quests-later-eras.md#когда-окно-протираю	rpg/manual/texts/development-quests-later-eras.md#когда-окно-протираю	engine_allowed	text_ready		400
scene.development.hospital_two_histories	Две истории	model_scene	3	quest:quest_e3_05.close; fact:first_joint_round	once	skippable	unit	group	rpg/manual/texts/development-quests-later-eras.md#две-истории	rpg/manual/texts/development-quests-later-eras.md#две-истории	engine_allowed	text_ready	Закрытая mid-форма остаётся в скрипте.	410
scene.development.house_of_culture_argument	А спорить где?	model_scene	3	quest:quest_e3_06.close; fact:first_bright_day_after_upgrade	once	skippable	unit	group	rpg/manual/texts/development-quests-later-eras.md#а-спорить-где	rpg/manual/texts/development-quests-later-eras.md#а-спорить-где	engine_allowed	text_ready	Открытая mid-форма остаётся в скрипте.	420
scene.delegation.season_check	По науке: проверка после сезона	cutscene_heads	2	quest:quest_e2_20.close; fact:season_result_ready	once	skippable	office	role_holder	rpg/manual/quests/delegation.md#проверка-после-сезона	rpg/manual/quests/delegation.md#проверка-после-сезона	engine_allowed	text_ready	Результат подставляет симуляция.	430
scene.delegation.authority_restored	Полномочия возвращены после ошибки	cutscene_heads	2	fact:autonomy_restored_after_error	first_time	skippable	office	role_holder	rpg/manual/quests/delegation.md#если-полномочия-вернули-позже	rpg/manual/quests/delegation.md#если-полномочия-вернули-позже	engine_allowed	text_ready	Не новый узел и не награда.	440
scene.delegation.without_chairman	Без председателя	cutscene_heads	3	quest:quest_e3_03.close; fact:first_large_cycle_without_manual_approval	once	skippable	office	role_holder	rpg/manual/quests/delegation.md#появление-и-закрытие	rpg/manual/quests/delegation.md#появление-и-закрытие	engine_allowed	text_ready		450
scene.family.freedom_to_leave	Свобода уйти: пролог	model_scene	3	event:event_19; fact:eligible_family_member_considers_departure	once	skippable	world	procedural	rpg/manual/quests/family-thread.md#разговор-теперь-без-подписи	rpg/manual/quests/family-thread.md#разговор-теперь-без-подписи	engine_allowed	text_ready	Открытый high-пролог; решение — отдельный dialogue.	460
scene.night_hunt.distiller_intercept	Перехват самогонщика	cutscene_world	1	fact:distiller_caught_at_gate	first_time	skippable	incident	group	rpg/manual/texts/night-hunt-scenes.md#перехват-самогонщика-у-ворот	rpg/manual/texts/night-hunt-scenes.md#перехват-самогонщика-у-ворот	engine_allowed	text_ready	Постановка заканчивается перед dialogue.	470
scene.night_hunt.fishers_intercept	Перехват рыболовов	model_scene	1	fact:fishers_caught_with_nets	first_time	skippable	incident	group	rpg/manual/texts/night-hunt-scenes.md#перехват-рыболовов-на-берегу	rpg/manual/texts/night-hunt-scenes.md#перехват-рыболовов-на-берегу	engine_allowed	text_ready	Закрытая mid-форма; решение идёт отдельно.	480
scene.night_hunt.hunter_intercept	Перехват охотника	cutscene_world	1	fact:hunter_caught_in_forest	first_time	skippable	incident	procedural	rpg/manual/texts/night-hunt-scenes.md#перехват-охотника-в-лесу	rpg/manual/texts/night-hunt-scenes.md#перехват-охотника-в-лесу	engine_allowed	text_ready	Постановка заканчивается перед dialogue.	490
scene.night_hunt.detective_opening	После третьей поимки — другой взгляд	cutscene_world	1	quest:quest_perk_04.open; fact:three_distinct_intercepts	once	skippable	office	procedural	rpg/manual/texts/night-hunt-scenes.md#после-третьей-поимки--другой-взгляд	rpg/manual/texts/night-hunt-scenes.md#после-третьей-поимки--другой-взгляд	text_only	text_ready	Только внутренняя мысль председателя.	500
scene.shadow.two_owners	Встреча с теневым хозяином	model_scene	3	fact:second_shadow_owner_meeting	once	skippable	incident	procedural	rpg/manual/texts/shadow-line-scenes.md#встреча-с-теневым-хозяином	rpg/manual/texts/shadow-line-scenes.md#встреча-с-теневым-хозяином	text_only	text_ready	Закрытая high-форма; голос не должен раскрывать личность.	510
scene.way.telephone_first_call	Первый телефонный звонок	cutscene_heads	2	event:event_02; fact:first_office_phone_connected	once	skippable	office	role_holder	rpg/manual/texts/way-of-life-events.md#первый-звонок--аппарат-оказался-двусторонним	rpg/manual/texts/way-of-life-events.md#первый-звонок--аппарат-оказался-двусторонним	engine_allowed	text_ready		520
scene.way.telephone_first_personal	Первый личный телефонный разговор	cutscene_heads	2	event:event_02; fact:first_personal_call	once	skippable	unit	procedural	rpg/manual/texts/way-of-life-events.md#первый-личный-разговор--днём-при-секретаре	rpg/manual/texts/way-of-life-events.md#первый-личный-разговор--днём-при-секретаре	engine_allowed	text_ready		530
scene.way.second_day_off_kept	Первый второй выходной состоялся	cutscene_world	2	event:event_11; fact:first_second_day_off_kept	once	skippable	world	procedural	rpg/manual/texts/way-of-life-events.md#если-первый-второй-выходной-состоялся	rpg/manual/texts/way-of-life-events.md#если-первый-второй-выходной-состоялся	engine_allowed	text_ready		540
scene.way.second_day_off_cancelled	Первый второй выходной отменён	cutscene_heads	2	event:event_11; fact:first_second_day_off_cancelled	once	skippable	unit	procedural	rpg/manual/texts/way-of-life-events.md#если-первый-второй-выходной-отменён	rpg/manual/texts/way-of-life-events.md#если-первый-второй-выходной-отменён	engine_allowed	text_ready		550
scene.way.first_pension	Первые собственные деньги	cutscene_heads	3	event:event_18; fact:first_pension_payment	once	skippable	world	procedural	rpg/manual/texts/way-of-life-events.md#первые-собственные-деньги	rpg/manual/texts/way-of-life-events.md#первые-собственные-деньги	engine_allowed	text_ready		560
scene.way.passport_blank	Чистая оборотная сторона	cutscene_heads	3	event:event_19; fact:first_obsolete_exit_form	once	skippable	office	role_holder	rpg/manual/texts/way-of-life-events.md#чистая-оборотная-сторона	rpg/manual/texts/way-of-life-events.md#чистая-оборотная-сторона	engine_allowed	text_ready		570
scene.way.first_cash_payment	Первый денежный расчёт	cutscene_heads	3	event:event_20; fact:first_cash_payment	once	skippable	office	procedural	rpg/manual/texts/way-of-life-events.md#первый-расчёт	rpg/manual/texts/way-of-life-events.md#первый-расчёт	engine_allowed	text_ready		580
scene.alcohol.first_break	Первый заметный перелом	cutscene_world	1	quest:quest_e1_21.open; fact:first_visible_alcohol_decline	once	skippable	incident	procedural	rpg/manual/texts/alcoholism-quest-scenes.md#первый-заметный-перелом	rpg/manual/texts/alcoholism-quest-scenes.md#первый-заметный-перелом	engine_allowed	text_ready		590
scene.alcohol.first_recovery	Закрытие первого квеста	cutscene_world	1	quest:quest_e1_21.close; fact:alcoholism_back_to_holiday_range	once	skippable	world	group	rpg/manual/texts/alcoholism-quest-scenes.md#закрытие-первого-квеста	rpg/manual/texts/alcoholism-quest-scenes.md#закрытие-первого-квеста	engine_allowed	text_ready		600
scene.alcohol.empty_place	Село замечает пустое место	cutscene_world	2	quest:quest_e2_23.open; fact:third_week_absent	once	stages	world	group	rpg/manual/texts/alcoholism-quest-scenes.md#село-замечает-пустое-место	rpg/manual/texts/alcoholism-quest-scenes.md#село-замечает-пустое-место	engine_allowed	text_ready		610
scene.alcohol.returned_to_work	Человек вышел сам	cutscene_world	2	quest:quest_e2_23.close; fact:resident_returned_to_work	once	skippable	incident	group	rpg/manual/texts/alcoholism-quest-scenes.md#если-человек-вышел-сам	rpg/manual/texts/alcoholism-quest-scenes.md#если-человек-вышел-сам	engine_allowed	text_ready		620
scene.alcohol.district_took	Район увёз	cutscene_world	2	fact:resident_sent_away	once	skippable	incident	group	rpg/manual/texts/alcoholism-quest-scenes.md#если-район-увёз	rpg/manual/texts/alcoholism-quest-scenes.md#если-район-увёз	engine_allowed	text_ready		630
scene.alcohol.return_after_two_years	Возвращение через два года	cutscene_world	2	quest:quest_e2_23.close; fact:resident_returned_after_two_years	once	stages	world	group	rpg/manual/texts/alcoholism-quest-scenes.md#возвращение-через-два-года	rpg/manual/texts/alcoholism-quest-scenes.md#возвращение-через-два-года	engine_allowed	text_ready		640
scene.police.first_meeting	Первая встреча с Пантелеевым	cutscene_heads	1	quest:quest_perk_01.open; fact:constable_post_active	once	skippable	unit	fixed_person	rpg/manual/texts/perk-entry-quests.md#первая-встреча	rpg/manual/texts/perk-entry-quests.md#первая-встреча	engine_allowed	text_ready		650
scene.police.first_rumor	Первый слух	cutscene_heads		fact:first_rumor_after_acquaintance	once	skippable	office	fixed_person	rpg/manual/texts/perk-entry-quests.md#первый-слух	rpg/manual/texts/perk-entry-quests.md#первый-слух	engine_allowed	text_ready		660
scene.perk.owners_eye	Заметно — не число	cutscene_heads	1	quest:quest_perk_02.close; fact:accountant_active	once	skippable	office	role_holder	rpg/manual/texts/perk-entry-quests.md#заметно--не-число	rpg/manual/texts/perk-entry-quests.md#заметно--не-число	engine_allowed	text_ready		670
scene.police.neighborly	По-соседски — бумага подождёт	cutscene_heads		fact:first_prevented_minor_offense	once	skippable	unit	fixed_person	rpg/manual/characters/panteleev.md#по-соседски--бумага-подождёт	rpg/manual/characters/panteleev.md#по-соседски--бумага-подождёт	engine_allowed	text_ready		680
scene.police.own_man	Свой человек — раньше бумаги	cutscene_heads		fact:first_early_inspection_warning	once	skippable	office	fixed_person	rpg/manual/characters/panteleev.md#свой-человек--раньше-бумаги	rpg/manual/characters/panteleev.md#свой-человек--раньше-бумаги	engine_allowed	text_ready		690
scene.police.common_cause	Общее дело — направление без приговора	cutscene_heads		fact:first_tip_accepted	once	skippable	world	fixed_person	rpg/manual/characters/panteleev.md#общее-дело--направление-без-приговора	rpg/manual/characters/panteleev.md#общее-дело--направление-без-приговора	engine_allowed	text_ready		700
scene.police.cover	Прикроет — чужая папка	cutscene_heads		fact:first_allowed_minor_cover	once	skippable	office	fixed_person	rpg/manual/characters/panteleev.md#прикроет--чужая-папка	rpg/manual/characters/panteleev.md#прикроет--чужая-папка	engine_allowed	text_ready		710
scene.police.last_day	Последний рабочий день	cutscene_world		fact:panteleev_last_workday	once	skippable	unit	fixed_person	rpg/manual/characters/panteleev.md#последний-рабочий-день	rpg/manual/characters/panteleev.md#последний-рабочий-день	engine_allowed	text_ready		720
scene.police.new_constable	Новый участковый	cutscene_heads		fact:new_constable_first_day	once	skippable	unit	role_holder	rpg/manual/characters/panteleev.md#новый-участковый	rpg/manual/characters/panteleev.md#новый-участковый	engine_allowed	text_ready		730
scene.police.successor_first_case	Первое настоящее дело сменщика	cutscene_heads		fact:new_constable_first_real_case	once	skippable	unit	role_holder	rpg/manual/characters/panteleev.md#первое-настоящее-дело-сменщика	rpg/manual/characters/panteleev.md#первое-настоящее-дело-сменщика	engine_allowed	text_ready		740
scene.organization.party_organizer_intro	Первое появление парторга	cutscene_heads	1	fact:first_party_organizer_business	once	skippable	world	role_holder	rpg/manual/characters/organization-voices.md#голос-парторга	rpg/manual/characters/organization-voices.md#голос-парторга	engine_allowed	text_ready	Авторский фрагмент «Первое появление в роли» внутри раздела.	750
scene.organization.party_organizer_change	Смена парторга	cutscene_heads		fact:party_organizer_changed	repeatable	skippable	world	role_holder	rpg/manual/characters/organization-voices.md#редкая-смена-парторга	rpg/manual/characters/organization-voices.md#редкая-смена-парторга	engine_allowed	text_ready	Дублирующийся anchor уточняется заголовком.	760
scene.organization.komsomol_organizer_intro	Первое появление комсорга	cutscene_heads	1	fact:first_komsomol_organizer_business	once	skippable	world	role_holder	rpg/manual/characters/organization-voices.md#голос-комсорга	rpg/manual/characters/organization-voices.md#голос-комсорга	engine_allowed	text_ready	Авторский фрагмент «Первое появление в роли» внутри раздела.	770
scene.organization.komsomol_organizer_change	Смена комсорга	cutscene_heads		fact:komsomol_organizer_changed	repeatable	skippable	world	role_holder	rpg/manual/characters/organization-voices.md#смена-комсорга	rpg/manual/characters/organization-voices.md#смена-комсорга	engine_allowed	text_ready	Дублирующийся anchor уточняется заголовком.	780
scene.order.watchman_first_round	Первый обход сторожа	cutscene_heads		fact:first_watchman_shift	once	skippable	unit	role_holder	rpg/manual/characters/watch-and-patrol.md#первый-обход-сторожа	rpg/manual/characters/watch-and-patrol.md#первый-обход-сторожа	engine_allowed	text_ready		790
scene.order.patrol_first_evening	Первый вечер дружины	cutscene_heads		fact:first_voluntary_patrol	once	skippable	incident	group	rpg/manual/characters/watch-and-patrol.md#первый-вечер-дружины	rpg/manual/characters/watch-and-patrol.md#первый-вечер-дружины	engine_allowed	text_ready		800
scene.order.patrol_caught_relative	Поймали своего	cutscene_heads		fact:patrol_caught_relative_minor_offense	first_time	skippable	incident	group	rpg/manual/characters/watch-and-patrol.md#поймали-своего	rpg/manual/characters/watch-and-patrol.md#поймали-своего	engine_allowed	text_ready		810
scene.secretary.appointment	Первое назначение секретаря	cutscene_heads	2	fact:village_secretary_appointed	first_time	skippable	office	role_holder	rpg/manual/characters/village-secretary.md#первое-назначение--книги-ещё-не-село	rpg/manual/characters/village-secretary.md#первое-назначение--книги-ещё-не-село	engine_allowed	text_ready		820
scene.secretary.first_mismatch	Первый несовпавший двор	cutscene_heads	2	fact:first_household_register_mismatch	once	skippable	world	role_holder	rpg/manual/characters/village-secretary.md#первый-несовпавший-двор	rpg/manual/characters/village-secretary.md#первый-несовпавший-двор	engine_allowed	text_ready		830
scene.secretary.acts_to_registry	Акты переходят в ЗАГС	cutscene_heads	2	fact:registry_office_started	once	skippable	office	role_holder	rpg/manual/characters/village-secretary.md#акты-переходят-в-загс	rpg/manual/characters/village-secretary.md#акты-переходят-в-загс	engine_allowed	text_ready		840
scene.secretary.village_branch	Одна строка получает комнату	cutscene_heads	2	fact:village_council_secretary_appointed	repeatable	skippable	unit	role_holder	rpg/manual/characters/village-secretary.md#филиал-в-деревне--одна-строка-получает-комнату	rpg/manual/characters/village-secretary.md#филиал-в-деревне--одна-строка-получает-комнату	engine_allowed	text_ready		850
scene.secretary.tax_books	Какую правду подписывать	cutscene_heads	3	event:event_16; fact:household_book_policy_applied	once	skippable	office	role_holder	rpg/manual/characters/village-secretary.md#эпоха-iii--какую-правду-подписывать	rpg/manual/characters/village-secretary.md#эпоха-iii--какую-правду-подписывать	engine_allowed	text_ready		860
scene.secretary.replacement	Книги не передают память	cutscene_heads		fact:village_secretary_changed	repeatable	skippable	office	role_holder	rpg/manual/characters/village-secretary.md#смена-секретаря--книги-не-передают-память	rpg/manual/characters/village-secretary.md#смена-секретаря--книги-не-передают-память	engine_allowed	text_ready		870
scene.delegation.science_proposal	По науке: предложение	dialogue	2	quest:quest_e2_20.open	once	mandatory	office	role_holder	rpg/manual/quests/delegation.md#предложение	rpg/manual/quests/delegation.md#предложение	engine_allowed	text_ready	Два авторских ответа.	880
scene.delegation.give_authority	Дать полномочия	dialogue	2	quest:quest_e2_10.open; fact:repeated_approval_delay	once	mandatory	office	role_holder	rpg/manual/quests/delegation.md#появление	rpg/manual/quests/delegation.md#появление	engine_allowed	text_ready	Два авторских ответа.	890
scene.delegation.right_to_error	Право на ошибку	dialogue	2	quest:quest_e2_12.open; fact:first_correctable_autonomy_error	once	mandatory	office	role_holder	rpg/manual/quests/delegation.md#основной-вариант-агроном	rpg/manual/quests/delegation.md#основной-вариант-агроном	engine_allowed	text_ready	Четыре ответа; варианты специалистов используют ту же грамматику.	900
scene.delegation.work_status	Рабочие реплики делегирования	background		fact:delegation_status_changed	repeatable	skippable	unit	role_holder	rpg/manual/quests/delegation.md#что-слышит-игрок-между-узлами	rpg/manual/quests/delegation.md#что-слышит-игрок-между-узлами	engine_allowed	text_ready	Озвучивает существующий уровень, не пишет состояние.	910
scene.family.before_distribution	До выдачи	dialogue	1	fact:eligible_family_before_distribution	once	mandatory	office	procedural	rpg/manual/quests/family-thread.md#разговор-до-выдачи	rpg/manual/quests/family-thread.md#разговор-до-выдачи	engine_allowed	text_ready	Четыре авторских ответа.	920
scene.family.place_in_new_village	Место в новом селе	dialogue	2	fact:one_house_two_real_applicants	once	mandatory	office	procedural	rpg/manual/quests/family-thread.md#вариант-а--место-в-новом-селе	rpg/manual/quests/family-thread.md#вариант-а--место-в-новом-селе	engine_allowed	text_ready	Альтернатива сцене stay_or_leave.	930
scene.family.stay_or_leave	Остаться или уехать	dialogue	2	fact:young_family_member_has_real_departure_option	once	mandatory	office	procedural	rpg/manual/quests/family-thread.md#вариант-б--остаться-или-уехать	rpg/manual/quests/family-thread.md#вариант-б--остаться-или-уехать	engine_allowed	text_ready	Альтернатива сцене place_in_new_village.	940
scene.family.freedom_to_leave_decision	Свобода уйти: решение	dialogue	3	scene:scene.family.freedom_to_leave	once	mandatory	world	procedural	rpg/manual/quests/family-thread.md#разговор-теперь-без-подписи	rpg/manual/quests/family-thread.md#разговор-теперь-без-подписи	engine_allowed	text_ready	Четыре авторских ответа после модельного пролога.	950
scene.family.fate_returns	Короткие возвраты семейных судеб	background		fact:recorded_family_outcome_returns	repeatable	skippable	world	procedural	rpg/manual/quests/family-thread.md#короткие-возвраты-для-других-судеб	rpg/manual/quests/family-thread.md#короткие-возвраты-для-других-судеб	engine_allowed	text_ready	Не отдельные квесты.	960
scene.night_hunt.distiller_report	Кто гонит: дневной повод	dialogue	1	quest:quest_e1_22.open	once	mandatory	office	procedural	rpg/manual/texts/night-hunt-scenes.md#кто-гонит--пропавшее-сырьё	rpg/manual/texts/night-hunt-scenes.md#кто-гонит--пропавшее-сырьё	engine_allowed	text_ready	Два ответа: взять ночь или отложить.	970
scene.night_hunt.fishers_report	Пустые сети: дневной повод	dialogue	1	quest:quest_e1_23.open	once	mandatory	office	role_holder	rpg/manual/texts/night-hunt-scenes.md#пустые-сети--свет-у-берега	rpg/manual/texts/night-hunt-scenes.md#пустые-сети--свет-у-берега	engine_allowed	text_ready	Два варианта повода ведут к одному окну.	980
scene.night_hunt.hunter_report	Кто-то стрелял: дневной повод	dialogue	1	quest:quest_e1_24.open	once	mandatory	office	procedural	rpg/manual/texts/night-hunt-scenes.md#кто-то-стрелял--лес-стал-чужим-ночью	rpg/manual/texts/night-hunt-scenes.md#кто-то-стрелял--лес-стал-чужим-ночью	engine_allowed	text_ready	Два ответа: взять ночь или отложить.	990
scene.night_hunt.distiller_decision	Решение по самогонщику	dialogue	1	scene:scene.night_hunt.distiller_intercept	once	mandatory	incident	procedural	rpg/manual/texts/night-hunt-scenes.md#перехват-самогонщика-у-ворот	rpg/manual/texts/night-hunt-scenes.md#перехват-самогонщика-у-ворот	engine_allowed	text_ready	Четыре ответа и условное второе окно.	1000
scene.night_hunt.fishers_decision	Решение по рыболовам	dialogue	1	scene:scene.night_hunt.fishers_intercept	once	mandatory	incident	group	rpg/manual/texts/night-hunt-scenes.md#перехват-рыболовов-на-берегу	rpg/manual/texts/night-hunt-scenes.md#перехват-рыболовов-на-берегу	engine_allowed	text_ready	Четыре ответа и условное второе окно.	1010
scene.night_hunt.hunter_decision	Решение по охотнику	dialogue	1	scene:scene.night_hunt.hunter_intercept	once	mandatory	incident	procedural	rpg/manual/texts/night-hunt-scenes.md#перехват-охотника-в-лесу	rpg/manual/texts/night-hunt-scenes.md#перехват-охотника-в-лесу	engine_allowed	text_ready	Четыре ответа и условное второе окно.	1020
scene.night_hunt.repeat_intercept	Повторная ночная встреча	dialogue	1	fact:repeat_night_intercept	repeatable	mandatory	incident	procedural	rpg/manual/texts/night-hunt-scenes.md#повторные-встречи	rpg/manual/texts/night-hunt-scenes.md#повторные-встречи	engine_allowed	text_ready	Повторяемый интерактив.	1030
scene.shadow.first_shrinkage	Первая усушка	dialogue	1	fact:first_eligible_unrecorded_surplus	once	mandatory	office	fixed_person	rpg/manual/texts/shadow-line-scenes.md#когда-приходит-разговор	rpg/manual/texts/shadow-line-scenes.md#когда-приходит-разговор	engine_allowed	text_ready	Два авторских ответа.	1040
scene.shadow.reputation_signals	Голоса скрытой линии	background		fact:shadow_reputation_threshold	repeatable	skippable	world	fixed_person	rpg/manual/texts/shadow-line-scenes.md#голоса-скрытой-линии	rpg/manual/texts/shadow-line-scenes.md#голоса-скрытой-линии	engine_allowed	text_ready		1050
scene.shadow.line_recedes	Когда линия идёт назад	background		fact:shadow_reputation_falls	repeatable	skippable	world	fixed_person	rpg/manual/texts/shadow-line-scenes.md#когда-линия-идёт-назад	rpg/manual/texts/shadow-line-scenes.md#когда-линия-идёт-назад	engine_allowed	text_ready		1060
scene.shadow.conspiracy	Конспирация — разные правды	background	3	fact:first_conspiracy_effect	once	skippable	world	fixed_person	rpg/manual/texts/shadow-line-scenes.md#конспирация--разные-правды	rpg/manual/texts/shadow-line-scenes.md#конспирация--разные-правды	engine_allowed	text_ready		1070
scene.shadow.turnover	Оборот — склад не успел привыкнуть	background	3	fact:first_turnover_effect	once	skippable	world	fixed_person	rpg/manual/texts/shadow-line-scenes.md#оборот--склад-не-успел-привыкнуть	rpg/manual/texts/shadow-line-scenes.md#оборот--склад-не-успел-привыкнуть	engine_allowed	text_ready		1080
scene.shadow.accounting	Отчётность — цифрам лучше порознь	background	3	fact:first_accounting_effect	once	skippable	world	role_holder	rpg/manual/texts/shadow-line-scenes.md#отчётность--цифрам-лучше-порознь	rpg/manual/texts/shadow-line-scenes.md#отчётность--цифрам-лучше-порознь	engine_allowed	text_ready		1090
scene.shadow.connections	Связи — пока платят за календарь	background	3	fact:first_connections_warning	once	skippable	world	fixed_person	rpg/manual/texts/shadow-line-scenes.md#связи--пока-платят-за-календарь	rpg/manual/texts/shadow-line-scenes.md#связи--пока-платят-за-календарь	engine_allowed	text_ready		1100
scene.shadow.network	Сеть — каждая книга верна сама	background	3	fact:first_network_effect	once	skippable	world	fixed_person	rpg/manual/texts/shadow-line-scenes.md#сеть--каждая-книга-верна-сама-по-себе	rpg/manual/texts/shadow-line-scenes.md#сеть--каждая-книга-верна-сама-по-себе	engine_allowed	text_ready		1110
scene.shadow.second_owner_signals	Признаки второго хозяина	background	3	fact:second_shadow_owner_eligible	repeatable	skippable	world	procedural	rpg/manual/texts/shadow-line-scenes.md#признаки-второго-хозяина	rpg/manual/texts/shadow-line-scenes.md#признаки-второго-хозяина	engine_allowed	text_ready	Один или два сигнала при наличии реального говорящего.	1120
scene.shadow.two_owners_decision	Решение двух хозяев	dialogue	3	scene:scene.shadow.two_owners	once	mandatory	incident	procedural	rpg/manual/texts/shadow-line-scenes.md#встреча-с-теневым-хозяином	rpg/manual/texts/shadow-line-scenes.md#встреча-с-теневым-хозяином	text_only	text_ready	Два ответа; речь текстом, чтобы не раскрыть личность.	1130
scene.way.telephone_habit	Телефон стал привычкой	background	2	event:event_02; fact:club_call_to_departed_relative	repeatable	skippable	world	procedural	rpg/manual/texts/way-of-life-events.md#новая-привычка--вечером-из-клуба	rpg/manual/texts/way-of-life-events.md#новая-привычка--вечером-из-клуба	engine_allowed	text_ready	Повторяющийся заголовок уточняется событием в trigger_ref.	1140
scene.way.second_day_off_habit	Второй выходной стал привычкой	background	2	event:event_11; fact:several_kept_saturdays	repeatable	skippable	world	procedural	rpg/manual/texts/way-of-life-events.md#event_11--второй-выходной	rpg/manual/texts/way-of-life-events.md#event_11--второй-выходной	engine_allowed	text_ready	Авторский фрагмент «Новая привычка» внутри раздела события.	1150
scene.way.pension_habit	Пенсия стала привычкой	background	3	event:event_18; fact:several_pension_payments	repeatable	skippable	world	procedural	rpg/manual/texts/way-of-life-events.md#event_18--пенсии-колхозникам	rpg/manual/texts/way-of-life-events.md#event_18--пенсии-колхозникам	engine_allowed	text_ready	Авторский фрагмент «Новая привычка» внутри раздела события.	1160
scene.way.passport_habit	Паспорт стал привычкой	background	3	event:event_19; fact:first_departure_notice_without_permission	repeatable	skippable	world	procedural	rpg/manual/texts/way-of-life-events.md#event_19--выдача-паспортов	rpg/manual/texts/way-of-life-events.md#event_19--выдача-паспортов	engine_allowed	text_ready	Авторский фрагмент «Новая привычка» внутри раздела события.	1170
scene.way.cash_bad_month	Первый плохой денежный месяц	background	3	event:event_20; fact:first_bad_cash_month	repeatable	skippable	world	procedural	rpg/manual/texts/way-of-life-events.md#первый-плохой-месяц	rpg/manual/texts/way-of-life-events.md#первый-плохой-месяц	engine_allowed	text_ready	Повторяющийся заголовок уточняется событием в trigger_ref.	1180
scene.way.cash_habit	Денежная оплата стала привычкой	background	3	event:event_20; fact:stable_cash_payment_series	repeatable	skippable	world	procedural	rpg/manual/texts/way-of-life-events.md#event_20--переход-на-денежную-оплату	rpg/manual/texts/way-of-life-events.md#event_20--переход-на-денежную-оплату	engine_allowed	text_ready	Авторский фрагмент «Новая привычка» внутри раздела события.	1190
scene.alcohol.first_talk	Не дать спиться: разговор	dialogue	1	quest:quest_e1_21.open	once	mandatory	office	procedural	rpg/manual/texts/alcoholism-quest-scenes.md#разговор-с-жителем	rpg/manual/texts/alcoholism-quest-scenes.md#разговор-с-жителем	engine_allowed	text_ready		1200
scene.alcohol.warning_talk	Разговор в окне предупреждения	dialogue	2	quest:quest_e2_23; fact:warning_window_open	once	mandatory	world	procedural	rpg/manual/texts/alcoholism-quest-scenes.md#разговор-в-окне-предупреждения	rpg/manual/texts/alcoholism-quest-scenes.md#разговор-в-окне-предупреждения	engine_allowed	text_ready		1210
scene.alcohol.warning_signals	Как слышно, что время идёт	background	2	quest:quest_e2_23; fact:warning_stage_changed	repeatable	skippable	world	procedural	rpg/manual/texts/alcoholism-quest-scenes.md#как-слышно-что-время-идёт	rpg/manual/texts/alcoholism-quest-scenes.md#как-слышно-что-время-идёт	engine_allowed	text_ready	Не точный таймер.	1220
scene.organization.party_returns	Возвраты парторга	background		fact:party_rule_conflict_visible	repeatable	skippable	world	role_holder	rpg/manual/characters/organization-voices.md#возвраты-парторга-в-трёх-эпохах	rpg/manual/characters/organization-voices.md#возвраты-парторга-в-трёх-эпохах	engine_allowed	text_ready		1230
scene.organization.komsomol_returns	Возвраты комсорга	background		fact:young_person_or_common_work_visible	repeatable	skippable	world	role_holder	rpg/manual/characters/organization-voices.md#возвраты-комсорга-в-трёх-эпохах	rpg/manual/characters/organization-voices.md#возвраты-комсорга-в-трёх-эпохах	engine_allowed	text_ready		1240
scene.order.watchman_reports	Обычные доклады сторожа	background		fact:watchman_observation	repeatable	skippable	world	role_holder	rpg/manual/characters/watch-and-patrol.md#три-обычных-доклада	rpg/manual/characters/watch-and-patrol.md#три-обычных-доклада	engine_allowed	text_ready		1250
scene.elder.first_meeting	Первая встреча с Рябининым	dialogue	1	quest:quest_e1_01; fact:first_layout_finished	once	mandatory	world	fixed_person	rpg/manual/characters/former-elder.md#первая-встреча--после-снятого-поля	rpg/manual/characters/former-elder.md#первая-встреча--после-снятого-поля	engine_allowed	text_ready	Свисток и аватарные строки — альтернативы той же ветки.	1260
scene.elder.warnings	Редкие предупреждения Рябинина	background	1	fact:visible_early_management_error	repeatable	skippable	world	fixed_person	rpg/manual/characters/former-elder.md#три-редких-предупреждения	rpg/manual/characters/former-elder.md#три-редких-предупреждения	engine_allowed	text_ready	Три типа, каждый звучит не более раза.	1270
scene.elder.own_name	Своим именем	dialogue	1	fact:chairman_cited_ryabinin_as_authority	once	mandatory	world	procedural	rpg/manual/characters/former-elder.md#опциональный-узел--своим-именем	rpg/manual/characters/former-elder.md#опциональный-узел--своим-именем	engine_allowed	text_ready		1280
scene.elder.restore_talk	Вернуть разговор с Рябининым	dialogue	1	fact:elder_advice_suspended	once	mandatory	world	fixed_person	rpg/manual/characters/former-elder.md#вернуть-разговор	rpg/manual/characters/former-elder.md#вернуть-разговор	engine_allowed	text_ready		1290
scene.elder.last_advice	Последний совет Рябинина	background	2	fact:profile_specialist_appointed	repeatable	skippable	world	fixed_person	rpg/manual/characters/former-elder.md#последний-совет--спросить-специалиста	rpg/manual/characters/former-elder.md#последний-совет--спросить-специалиста	engine_allowed	text_ready		1300
scene.secretary.late_help_list	Список помощи опоздал	background	2	fact:outdated_register_missed_lonely_household	repeatable	skippable	office	role_holder	rpg/manual/characters/village-secretary.md#когда-список-помощи-опоздал	rpg/manual/characters/village-secretary.md#когда-список-помощи-опоздал	engine_allowed	text_ready		1310
scene.secretary.housing_queue	Очередь на дом	background	2	fact:first_or_long_housing_queue	repeatable	skippable	office	role_holder	rpg/manual/characters/village-secretary.md#очередь-на-дом--бумага-которая-стареет	rpg/manual/characters/village-secretary.md#очередь-на-дом--бумага-которая-стареет	engine_allowed	text_ready		1320
scene.secretary.exit_certificate	Справка на выезд	background	2	fact:exit_certificate_decided	repeatable	skippable	office	role_holder	rpg/manual/characters/village-secretary.md#справка-на-выезд--просьба-остаётся-после-бланка	rpg/manual/characters/village-secretary.md#справка-на-выезд--просьба-остаётся-после-бланка	engine_allowed	text_ready		1330
scene.secretary.phone_queue	Новая очередь без стульев	background	2	fact:several_personal_calls	repeatable	skippable	office	role_holder	rpg/manual/characters/village-secretary.md#переговорный-пункт--новая-очередь-без-стульев	rpg/manual/characters/village-secretary.md#переговорный-пункт--новая-очередь-без-стульев	engine_allowed	text_ready		1340
scene.district.korenev.era1_question	Какое объяснение ваше	dialogue	1	fact:district_received_multiple_failure_explanations	once	mandatory	office	fixed_person	rpg/manual/characters/district-faces.md#три-эпохальных-вопроса	rpg/manual/characters/district-faces.md#три-эпохальных-вопроса	engine_allowed	text_ready	Ответ опирается только на фактическое состояние.	1350
scene.district.korenev.era2_question	Кто отвечает после открытия	dialogue	2	fact:several_new_institutions_opened	once	mandatory	office	fixed_person	rpg/manual/characters/district-faces.md#три-эпохальных-вопроса	rpg/manual/characters/district-faces.md#три-эпохальных-вопроса	engine_allowed	text_ready	Ответ опирается только на фактическое состояние.	1360
scene.district.korenev.era3_question	Почему им оставаться	dialogue	3	fact:post_passport_departure_outcome	once	mandatory	office	fixed_person	rpg/manual/characters/district-faces.md#три-эпохальных-вопроса	rpg/manual/characters/district-faces.md#три-эпохальных-вопроса	engine_allowed	text_ready	Ответ опирается только на фактическое состояние.	1370
scene.district.korenev.protection_return	Второго разговора не будет	background	3	fact:korenev_protection_succeeded	once	skippable	office	fixed_person	rpg/manual/characters/district-faces.md#игнат-захарович-коренев--вопрос-вместо-приговора	rpg/manual/characters/district-faces.md#игнат-захарович-коренев--вопрос-вместо-приговора	engine_allowed	text_ready	Авторский фрагмент «После купленной защиты»; озвучивает уже рассчитанный результат сделки.	1380
scene.district.stozharov.inspection_return	Маршрут Стожарова	dialogue		fact:stozharov_inspection_completed	repeatable	mandatory	unit	fixed_person	rpg/manual/characters/district-faces.md#роман-трофимович-стожаров--маршрут-который-нельзя-приготовить	rpg/manual/characters/district-faces.md#роман-трофимович-стожаров--маршрут-который-нельзя-приготовить	engine_allowed	text_ready	Авторский фрагмент «Возвраты проверки».	1390
scene.district.stozharov.protection_return	Один вопрос придержан	background	3	fact:stozharov_protection_succeeded	once	skippable	office	fixed_person	rpg/manual/characters/district-faces.md#роман-трофимович-стожаров--маршрут-который-нельзя-приготовить	rpg/manual/characters/district-faces.md#роман-трофимович-стожаров--маршрут-который-нельзя-приготовить	engine_allowed	text_ready	Авторский фрагмент «После купленной защиты»; озвучивает границу результата.	1400
scene.district.karasev.inspection_return	Охват и человек	dialogue		fact:karasev_inspection_completed	repeatable	mandatory	office	fixed_person	rpg/manual/characters/district-faces.md#геннадий-маркович-карасёв--сначала-охват-потом-человек	rpg/manual/characters/district-faces.md#геннадий-маркович-карасёв--сначала-охват-потом-человек	engine_allowed	text_ready	Авторский фрагмент «Возвраты проверки».	1410
scene.district.karasev.fishing_hint	Намёк на рыбалку	cutscene_heads		fact:enhanced_fishing_invitation_opened	first_time	skippable	office	fixed_person	rpg/manual/characters/district-faces.md#намёк-на-приём	rpg/manual/characters/district-faces.md#намёк-на-приём	engine_allowed	text_ready	Игнорирование не создаёт отдельной сцены.	1420
scene.district.karasev.mediation_offer	Положить вопрос Кореневу	dialogue	3	fact:korenev_mediation_channel_available	once	mandatory	office	fixed_person	rpg/manual/characters/district-faces.md#посредник-к-кореневу	rpg/manual/characters/district-faces.md#посредник-к-кореневу	engine_allowed	text_ready	Не открывает канал репликой, а озвучивает уже разрешённый.	1430
scene.district.karasev.meeting_appointed	Время передали	cutscene_heads	3	fact:korenev_meeting_appointed	once	mandatory	office	fixed_person	rpg/manual/characters/district-faces.md#посредник-к-кореневу	rpg/manual/characters/district-faces.md#посредник-к-кореневу	engine_allowed	text_ready	Сообщает уже назначенную встречу.	1440
scene.district.karasev.protection_return	Бумага не уйдёт сегодня	background	3	fact:karasev_protection_succeeded	once	skippable	office	fixed_person	rpg/manual/characters/district-faces.md#геннадий-маркович-карасёв--сначала-охват-потом-человек	rpg/manual/characters/district-faces.md#геннадий-маркович-карасёв--сначала-охват-потом-человек	engine_allowed	text_ready	Авторский фрагмент «После купленной защиты»; озвучивает срок результата.	1450
scene.district.zhernova.inspection_question	Один вопрос под вечер	dialogue		fact:zhernova_discrepancy_found	repeatable	mandatory	office	fixed_person	rpg/manual/characters/district-faces.md#вопросы-по-эпохам	rpg/manual/characters/district-faces.md#серафима-прокофьевна-жернова--один-вопрос-под-вечер	engine_allowed	text_ready	Повторяемый диалог; конкретный вопрос выбирается по найденному факту.	1460
scene.district.zhernova.gift_response	Подарок отдельно, книги отдельно	cutscene_heads		fact:zhernova_gift_result	repeatable	skippable	office	fixed_person	rpg/manual/characters/district-faces.md#подарок	rpg/manual/characters/district-faces.md#подарок	engine_allowed	text_ready	Не меняет рассчитанный результат проверки.	1470
scene.district.zhernova.protection_return	Какую строку не спрашивать	background	3	fact:zhernova_protection_succeeded	once	skippable	office	fixed_person	rpg/manual/characters/district-faces.md#серафима-прокофьевна-жернова--один-вопрос-под-вечер	rpg/manual/characters/district-faces.md#серафима-прокофьевна-жернова--один-вопрос-под-вечер	engine_allowed	text_ready	Авторская строка после описания подарка; озвучивает уже рассчитанную защиту.	1480
scene.district.polushkina.inspection_return	Инструкция встречает жизнь	dialogue		fact:polushkina_inspection_completed	repeatable	mandatory	office	fixed_person	rpg/manual/characters/district-faces.md#зоя-викторовна-полушкина--инструкция-встречает-жизнь	rpg/manual/characters/district-faces.md#зоя-викторовна-полушкина--инструкция-встречает-жизнь	engine_allowed	text_ready	Авторский фрагмент «Возвраты проверки»; ситуация выбирается по факту проверки.	1490
scene.district.polushkina.reception_return	После приёма	background		fact:polushkina_reception_completed	repeatable	skippable	office	fixed_person	rpg/manual/characters/district-faces.md#после-приёма	rpg/manual/characters/district-faces.md#после-приёма	engine_allowed	text_ready	Повторный просмотр использует фактическую проверку.	1500
scene.district.polushkina.senior_correction	Вопрос Жерновой записан	background		fact:zhernova_found_polushkina_miss	first_time	skippable	office	fixed_person	rpg/manual/characters/district-faces.md#когда-после-неё-приехала-жернова	rpg/manual/characters/district-faces.md#когда-после-неё-приехала-жернова	engine_allowed	text_ready	Не вводит отдельного роста компетентности.	1510
scene.district.polushkina.protection_return	Эта версия закрыта	background	3	fact:polushkina_protection_succeeded	once	skippable	office	fixed_person	rpg/manual/characters/district-faces.md#зоя-викторовна-полушкина--инструкция-встречает-жизнь	rpg/manual/characters/district-faces.md#зоя-викторовна-полушкина--инструкция-встречает-жизнь	engine_allowed	text_ready	Авторский фрагмент «После купленной защиты»; озвучивает уже рассчитанный результат.	1520
scene.district.junior_after_senior	Младший после старшего	background		fact:senior_inspector_revealed_junior_miss	first_time	skippable	office	fixed_person	rpg/manual/characters/district-faces.md#когда-младшего-сменяет-старший	rpg/manual/characters/district-faces.md#когда-младшего-сменяет-старший	engine_allowed	text_ready	Только если старший вернул ошибку младшего, а не приехал по независимому сигналу.	1530
scene.village.quiet_failure	Дальняя деревня называет расстояние	background		fact:distant_village_quiet_failure	repeatable	skippable	world	procedural	rpg/manual/characters/distant-village-voices.md#до-сельсовета-на-месте	rpg/manual/characters/distant-village-voices.md#до-сельсовета-на-месте	engine_allowed	text_ready	Не открывает квест; показывает уже рассчитанную цену расстояния.	1540
scene.village.first_local_council	У ошибки появился адрес	cutscene_heads		fact:first_local_council_created	once	skippable	unit	procedural	rpg/manual/characters/distant-village-voices.md#когда-появляется-сельсовет	rpg/manual/characters/distant-village-voices.md#когда-появляется-сельсовет	engine_allowed	text_ready	Без секретаря полный разбор ждёт назначения.	1550
scene.village.improvement_return	Исчезнувшее препятствие	background		fact:distant_village_obstacle_removed	repeatable	skippable	world	procedural	rpg/manual/characters/distant-village-voices.md#после-улучшения	rpg/manual/characters/distant-village-voices.md#после-улучшения	engine_allowed	text_ready	Не обещает, что одно улучшение решило все проблемы.	1560
scene.village.resettlement_return	Дом перевезти нельзя	cutscene_heads	3	fact:village_resettlement_confirmed	once	mandatory	world	procedural	rpg/manual/characters/distant-village-voices.md#сселение-в-эпохе-iii	rpg/manual/characters/distant-village-voices.md#сселение-в-эпохе-iii	engine_allowed	text_ready	Говорит взрослый житель, который действительно переезжает.	1570
